region,annee,niveau,etablissements,effectifs,taux_scolarisation_pct,taux_filles_pct,taux_reussite_bac_pct,enseignants,taux_enseignants_formes_pct,budget_education_millions
Adamaoua,2000,Primaire,536,191352,81.1,47.9,0.0,5315,77.2,10085480
Adamaoua,2000,Collège,190,101080,72.2,46.8,0.0,3260,66.9,18705044
Adamaoua,2000,Lycée,90,47070,41.7,48.3,46.0,1344,72.8,2646303
Adamaoua,2000,Université,2,2824,10.1,50.2,0.0,83,70.0,291600
Adamaoua,2001,Primaire,1159,304817,87.2,50.9,0.0,11289,88.8,55960104
Adamaoua,2001,Collège,160,123520,73.1,47.2,0.0,2744,69.1,15872885
Adamaoua,2001,Lycée,95,38095,43.3,51.2,46.9,952,87.1,6715446
Adamaoua,2001,Université,3,5802,12.0,47.0,0.0,193,73.1,306825
Adamaoua,2002,Primaire,1451,264082,93.9,45.4,0.0,9431,64.4,15178979
Adamaoua,2002,Collège,101,63125,59.7,45.7,0.0,1315,85.9,9061146
Adamaoua,2002,Lycée,21,18606,40.5,45.4,42.5,641,82.1,2594662
Adamaoua,2002,Université,2,7246,9.4,51.7,0.0,289,66.2,824264
Adamaoua,2003,Primaire,1006,389322,90.1,48.0,0.0,11123,72.2,53763818
Adamaoua,2003,Collège,154,91476,50.1,46.9,0.0,3049,62.6,17684645
Adamaoua,2003,Lycée,40,33760,39.9,49.2,65.8,703,60.3,3705006
Adamaoua,2003,Université,9,26730,14.6,49.1,0.0,1069,73.6,1480941
Adamaoua,2004,Primaire,423,102789,82.4,46.7,0.0,2855,62.2,16265056
Adamaoua,2004,Collège,68,53448,70.2,48.2,0.0,1670,68.0,9772812
Adamaoua,2004,Lycée,35,32725,30.8,49.4,56.0,1309,63.0,2478698
Adamaoua,2004,Université,8,19944,5.4,45.4,0.0,569,84.6,3819980
Adamaoua,2005,Primaire,909,165438,89.2,49.2,0.0,3376,64.1,32940093
Adamaoua,2005,Collège,255,167025,53.7,45.7,0.0,3553,75.3,17062790
Adamaoua,2005,Lycée,40,26360,28.5,46.6,69.9,693,73.9,2176873
Adamaoua,2005,Université,1,1047,13.2,51.3,0.0,29,61.4,180542
Adamaoua,2006,Primaire,1366,256808,76.8,51.4,0.0,5464,82.2,44592478
Adamaoua,2006,Collège,181,71133,67.7,51.8,0.0,1580,66.6,12081817
Adamaoua,2006,Lycée,57,23028,34.0,46.3,67.3,639,83.5,3172286
Adamaoua,2006,Université,9,11358,13.7,45.0,0.0,391,82.4,1049543
Adamaoua,2007,Primaire,1141,327467,84.1,46.7,0.0,9923,80.2,21173099
Adamaoua,2007,Collège,290,145870,51.3,51.9,0.0,3942,68.0,19326924
Adamaoua,2007,Lycée,81,58320,40.6,50.5,53.5,1190,69.9,7593845
Adamaoua,2007,Université,9,20538,9.8,52.0,0.0,622,84.2,3459713
Adamaoua,2008,Primaire,1431,331992,93.4,47.7,0.0,12296,74.7,40549188
Adamaoua,2008,Collège,79,26465,63.9,48.5,0.0,661,70.4,2448249
Adamaoua,2008,Lycée,75,50700,31.0,45.9,55.5,1300,78.8,4289754
Adamaoua,2008,Université,5,13405,11.4,47.0,0.0,394,60.1,2658409
Adamaoua,2009,Primaire,681,239031,81.8,45.3,0.0,7967,62.0,20689197
Adamaoua,2009,Collège,208,121680,71.7,47.1,0.0,3802,89.0,17207437
Adamaoua,2009,Lycée,95,89300,35.0,46.7,62.4,2076,62.3,12669431
Adamaoua,2009,Université,1,1736,9.6,49.8,0.0,40,89.2,309531
Adamaoua,2010,Primaire,1395,470115,90.4,51.5,0.0,12705,89.9,57982534
Adamaoua,2010,Collège,155,91915,62.6,45.4,0.0,2088,73.2,7229345
Adamaoua,2010,Lycée,35,32095,40.1,51.2,42.6,1002,65.0,4672390
Adamaoua,2010,Université,6,18336,13.1,50.3,0.0,374,64.2,2817064
Adamaoua,2011,Primaire,1282,142302,82.4,47.2,0.0,5270,84.3,28273615
Adamaoua,2011,Collège,58,22098,61.4,45.8,0.0,526,81.9,4125648
Adamaoua,2011,Lycée,23,11776,34.9,51.9,53.0,245,89.2,595018
Adamaoua,2011,Université,6,27414,8.1,48.8,0.0,702,74.3,5243763
Adamaoua,2012,Primaire,1274,315952,91.4,46.0,0.0,11284,76.3,41537781
Adamaoua,2012,Collège,292,136656,74.5,51.7,0.0,3904,68.2,12154628
Adamaoua,2012,Lycée,57,33174,29.3,49.3,41.5,1228,84.4,2554388
Adamaoua,2012,Université,8,31776,14.9,45.2,0.0,993,68.4,4500091
Adamaoua,2013,Primaire,836,320188,77.0,48.2,0.0,7809,80.2,33077314
Adamaoua,2013,Collège,52,18564,71.9,52.0,0.0,687,63.3,2922257
Adamaoua,2013,Lycée,97,57715,28.5,48.3,62.7,1649,68.7,6597706
Adamaoua,2013,Université,5,12985,7.5,47.9,0.0,332,66.5,1575221
Adamaoua,2014,Primaire,342,47196,84.8,51.6,0.0,1748,79.5,2926530
Adamaoua,2014,Collège,101,61610,57.2,47.0,0.0,1432,66.3,3731918
Adamaoua,2014,Lycée,37,20128,36.4,50.3,50.4,559,82.0,3877842
Adamaoua,2014,Université,7,19026,8.2,47.7,0.0,528,68.7,1153436
Adamaoua,2015,Primaire,521,82318,75.1,46.8,0.0,1751,86.1,14706733
Adamaoua,2015,Collège,97,42777,74.0,47.8,0.0,1296,78.4,7033423
Adamaoua,2015,Lycée,38,33972,27.3,51.2,63.3,1213,66.4,2175033
Adamaoua,2015,Université,9,38259,9.8,46.5,0.0,780,74.3,6546819
Adamaoua,2016,Primaire,360,117000,81.5,49.4,0.0,2600,84.6,7323589
Adamaoua,2016,Collège,217,144956,67.9,49.6,0.0,4026,72.4,23136177
Adamaoua,2016,Lycée,37,30044,38.7,48.8,41.6,751,69.3,3862872
Adamaoua,2016,Université,6,21018,12.3,50.0,0.0,477,61.8,3806578
Adamaoua,2017,Primaire,1369,213564,81.5,50.1,0.0,4358,63.6,16485917
Adamaoua,2017,Collège,231,79695,54.6,51.3,0.0,3065,83.0,4234569
Adamaoua,2017,Lycée,71,45511,44.0,51.5,51.5,1137,69.5,3693644
Adamaoua,2017,Université,8,32896,5.8,50.6,0.0,671,85.7,3174608
Adamaoua,2018,Primaire,503,67905,79.1,48.3,0.0,2190,67.4,8342661
Adamaoua,2018,Collège,108,34452,51.4,51.6,0.0,1148,78.5,4257887
Adamaoua,2018,Lycée,38,18316,35.3,49.0,60.9,523,81.6,2337417
Adamaoua,2018,Université,3,13374,5.2,51.0,0.0,290,81.6,818675
Adamaoua,2019,Primaire,665,131005,89.4,47.8,0.0,4366,71.2,13294706
Adamaoua,2019,Collège,243,161352,55.1,50.0,0.0,4889,67.8,19304962
Adamaoua,2019,Lycée,45,35910,31.2,46.7,42.6,920,71.7,6466790
Adamaoua,2019,Université,9,40410,7.0,46.8,0.0,1443,72.3,6501590
Adamaoua,2020,Primaire,1324,320408,80.9,47.7,0.0,11443,84.2,30714064
Adamaoua,2020,Collège,151,79879,63.0,48.6,0.0,2048,69.6,15714786
Adamaoua,2020,Lycée,88,63800,42.3,50.9,72.8,2200,71.1,6405406
Adamaoua,2020,Université,8,32144,8.3,50.2,0.0,824,79.2,5189019
Adamaoua,2021,Primaire,672,215040,77.9,51.3,0.0,4388,88.2,22223611
Adamaoua,2021,Collège,157,59189,66.5,46.6,0.0,1644,63.8,5877815
Adamaoua,2021,Lycée,60,29220,38.4,48.8,53.9,1007,68.6,4704238
Adamaoua,2021,Université,8,15424,8.7,50.3,0.0,531,69.6,2583687
Adamaoua,2022,Primaire,395,66360,93.1,47.8,0.0,1746,86.9,4092097
Adamaoua,2022,Collège,298,162410,54.0,51.3,0.0,3776,77.8,27338278
Adamaoua,2022,Lycée,71,60066,32.8,51.4,59.7,1334,62.7,8904896
Adamaoua,2022,Université,2,5068,8.6,45.1,0.0,174,78.8,340345
Adamaoua,2023,Primaire,539,120197,94.3,51.4,0.0,2612,75.7,6593626
Adamaoua,2023,Collège,236,185260,57.8,45.1,0.0,3941,83.4,10968765
Adamaoua,2023,Lycée,33,22440,34.7,45.5,57.8,773,78.1,1477059
Adamaoua,2023,Université,1,3577,8.9,47.5,0.0,96,69.8,182802
Centre,2000,Primaire,1319,353492,77.7,45.7,0.0,8621,86.8,42874492
Centre,2000,Collège,228,128592,72.2,51.2,0.0,4945,69.9,9767771
Centre,2000,Lycée,62,53072,34.4,47.9,72.4,1516,88.0,4497113
Centre,2000,Université,9,24840,7.9,50.4,0.0,730,60.7,2079505
Centre,2001,Primaire,727,209376,81.5,49.5,0.0,4985,89.6,36743821
Centre,2001,Collège,258,87978,58.3,45.8,0.0,1832,79.1,9189323
Centre,2001,Lycée,39,28548,42.2,47.6,42.4,607,86.0,3298642
Centre,2001,Université,4,5692,7.0,45.2,0.0,203,80.1,449835
Centre,2002,Primaire,1346,232858,76.2,46.6,0.0,6653,89.5,24370866
Centre,2002,Collège,216,158544,72.5,48.1,0.0,5467,73.1,27643900
Centre,2002,Lycée,58,49764,26.8,49.0,68.0,1344,60.4,4880934
Centre,2002,Université,1,4748,6.5,48.5,0.0,169,82.6,707739
Centre,2003,Primaire,1318,255692,76.7,50.3,0.0,5811,82.8,30744280
Centre,2003,Collège,286,219934,70.2,51.4,0.0,4488,68.2,14550057
Centre,2003,Lycée,66,64218,28.7,48.9,73.2,2378,74.7,10731411
Centre,2003,Université,6,7908,12.3,50.3,0.0,202,77.2,876334
Centre,2004,Primaire,939,326772,79.7,48.1,0.0,10541,64.0,18280071
Centre,2004,Collège,280,142520,60.4,48.9,0.0,3476,79.8,7917603
Centre,2004,Lycée,37,27602,33.1,50.1,44.8,985,86.7,2526542
Centre,2004,Université,3,3198,11.5,45.8,0.0,123,67.9,235510
Centre,2005,Primaire,468,104364,83.7,45.5,0.0,3069,69.3,15617182
Centre,2005,Collège,51,31824,59.1,46.0,0.0,1026,86.2,5195371
Centre,2005,Lycée,31,16771,27.5,49.2,49.7,645,71.3,1396026
Centre,2005,Université,1,2199,7.3,47.7,0.0,45,67.6,246804
Centre,2006,Primaire,385,102410,87.4,45.8,0.0,3413,71.5,6515375
Centre,2006,Collège,242,178596,62.5,46.9,0.0,3720,67.5,29855125
Centre,2006,Lycée,60,25680,37.3,45.7,44.2,802,76.6,3879766
Centre,2006,Université,6,21300,9.4,47.7,0.0,453,81.5,1926510
Centre,2007,Primaire,662,78116,94.5,46.8,0.0,2789,63.1,9989305
Centre,2007,Collège,226,167692,71.6,47.7,0.0,3726,83.0,11376230
Centre,2007,Lycée,52,37596,26.0,48.0,47.3,939,77.5,2207947
Centre,2007,Université,2,7856,12.2,46.2,0.0,206,82.8,715759
Centre,2008,Primaire,417,132606,78.3,51.7,0.0,4018,83.4,24777405
Centre,2008,Collège,219,103806,63.6,48.2,0.0,2965,80.5,7962716
Centre,2008,Lycée,96,75648,31.9,47.1,67.6,1939,81.0,4190690
Centre,2008,Université,1,4556,14.9,46.7,0.0,130,87.5,359983
Centre,2009,Primaire,709,132583,77.4,49.4,0.0,2946,61.9,20248773
Centre,2009,Collège,156,53508,74.4,50.9,0.0,1372,82.3,10570123
Centre,2009,Lycée,94,91744,39.8,51.2,67.0,2133,68.8,15347436
Centre,2009,Université,8,20696,9.0,49.4,0.0,544,65.8,2700555
Centre,2010,Primaire,710,73130,80.1,50.7,0.0,2925,84.1,8162790
Centre,2010,Collège,107,47615,51.9,45.5,0.0,1133,66.1,7254662
Centre,2010,Lycée,41,23698,26.4,49.8,61.3,607,89.5,2511302
Centre,2010,Université,5,14975,10.5,48.5,0.0,554,65.2,978464
Centre,2011,Primaire,906,158550,77.3,50.0,0.0,3867,76.8,15473183
Centre,2011,Collège,204,114852,55.0,48.5,0.0,2801,65.4,10318243
Centre,2011,Lycée,20,11720,43.0,46.9,70.4,355,76.7,900599
Centre,2011,Université,8,9512,10.1,50.4,0.0,250,77.6,1226540
Centre,2012,Primaire,578,173400,85.6,47.6,0.0,6669,80.2,34630567
Centre,2012,Collège,50,20200,59.2,50.3,0.0,480,69.7,1204251
Centre,2012,Lycée,21,20034,26.8,46.3,59.9,690,77.9,1917456
Centre,2012,Université,9,34677,10.7,47.8,0.0,753,66.5,4598031
Centre,2013,Primaire,758,125828,85.1,49.1,0.0,3595,65.8,19745354
Centre,2013,Collège,189,66150,65.6,48.7,0.0,1613,73.9,11674695
Centre,2013,Lycée,64,45440,39.2,51.1,64.2,1817,74.2,4124705
Centre,2013,Université,6,28380,9.5,46.7,0.0,579,61.5,1447954
Centre,2014,Primaire,639,84348,91.0,50.6,0.0,2908,86.2,4342744
Centre,2014,Collège,60,23040,54.2,48.8,0.0,548,86.1,4436610
Centre,2014,Lycée,99,73161,44.2,47.4,68.1,2813,70.1,13114518
Centre,2014,Université,1,4873,13.8,50.5,0.0,124,68.4,290413
Centre,2015,Primaire,806,298220,93.1,50.7,0.0,6777,81.0,37875258
Centre,2015,Collège,55,24035,56.8,47.4,0.0,616,74.6,2714891
Centre,2015,Lycée,32,16096,31.7,46.7,61.1,412,78.3,1228819
Centre,2015,Université,7,9219,7.5,50.3,0.0,230,60.5,785181
Centre,2016,Primaire,876,150672,80.3,46.4,0.0,5580,66.7,12056348
Centre,2016,Collège,60,46680,68.2,47.3,0.0,1228,73.6,8599539
Centre,2016,Lycée,56,36456,36.5,47.2,68.0,1350,72.7,5643302
Centre,2016,Université,4,19412,11.3,51.8,0.0,746,80.7,2344226
Centre,2017,Primaire,1095,235425,86.7,49.4,0.0,7134,76.4,42657595
Centre,2017,Collège,279,87048,61.5,50.7,0.0,2901,74.8,10686745
Centre,2017,Lycée,50,40300,35.0,46.3,74.4,1300,84.1,2999348
Centre,2017,Université,1,4681,13.7,47.9,0.0,173,66.5,852556
Centre,2018,Primaire,818,251944,80.8,47.6,0.0,7634,61.2,35651751
Centre,2018,Collège,152,74936,74.5,47.7,0.0,1873,67.9,7642393
Centre,2018,Lycée,31,12648,29.5,48.0,50.5,308,68.5,1749162
Centre,2018,Université,5,9990,5.5,46.1,0.0,237,63.3,1434188
Centre,2019,Primaire,971,253431,94.2,51.2,0.0,6034,75.0,41509896
Centre,2019,Collège,228,109212,70.0,50.3,0.0,2730,76.1,11523875
Centre,2019,Lycée,46,22126,27.8,50.9,64.4,582,60.8,2440455
Centre,2019,Université,5,8915,8.8,46.7,0.0,207,78.5,1721945
Centre,2020,Primaire,1453,417011,79.9,48.9,0.0,13451,64.8,21528495
Centre,2020,Collège,240,179280,70.5,46.6,0.0,5976,60.2,18569657
Centre,2020,Lycée,92,87492,38.7,48.0,59.1,2364,89.9,5306281
Centre,2020,Université,4,8888,10.7,49.1,0.0,211,83.8,699659
Centre,2021,Primaire,312,118872,94.9,49.3,0.0,3128,78.5,16094029
Centre,2021,Collège,157,57776,74.0,49.9,0.0,1561,82.7,6068458
Centre,2021,Lycée,49,19845,27.8,47.8,68.1,661,85.7,1416522
Centre,2021,Université,6,6624,6.6,45.8,0.0,138,85.5,560523
Centre,2022,Primaire,1370,326060,89.2,49.2,0.0,10189,87.4,16442220
Centre,2022,Collège,195,67080,73.3,51.6,0.0,2032,84.2,6900297
Centre,2022,Lycée,44,29656,40.5,48.4,67.5,689,85.3,2209371
Centre,2022,Université,2,6226,14.0,49.7,0.0,155,76.4,832339
Centre,2023,Primaire,322,76636,77.9,49.2,0.0,2472,67.7,6765025
Centre,2023,Collège,190,106020,67.3,51.3,0.0,3313,78.6,13508657
Centre,2023,Lycée,74,73556,41.4,51.6,65.6,2043,80.7,10061208
Centre,2023,Université,7,9534,5.5,50.4,0.0,366,87.8,862780
Est,2000,Primaire,1074,354420,76.1,51.9,0.0,8438,76.0,25741050
Est,2000,Collège,89,28124,67.0,50.4,0.0,827,83.1,4190217
Est,2000,Lycée,27,22842,42.0,51.1,59.1,761,65.4,1870208
Est,2000,Université,6,7644,9.0,48.9,0.0,254,70.2,883068
Est,2001,Primaire,1062,407808,80.9,48.7,0.0,15104,81.3,51842631
Est,2001,Collège,159,85542,52.0,49.6,0.0,1820,81.5,9855627
Est,2001,Lycée,50,25700,40.4,47.9,42.5,694,75.5,3063531
Est,2001,Université,7,31836,8.7,46.7,0.0,1273,88.0,4720711
Est,2002,Primaire,207,63549,85.0,50.1,0.0,1672,77.1,5877048
Est,2002,Collège,94,65424,56.3,51.6,0.0,1363,62.5,12832716
Est,2002,Lycée,96,39072,36.0,48.6,55.5,1028,65.5,3946461
Est,2002,Université,7,23240,14.6,48.5,0.0,553,64.9,3065661
Est,2003,Primaire,494,85956,92.0,46.3,0.0,2772,62.0,5993928
Est,2003,Collège,207,78246,63.5,46.0,0.0,2006,64.9,8377110
Est,2003,Lycée,38,37088,39.8,47.7,68.9,1196,72.5,5605678
Est,2003,Université,9,35244,12.8,50.5,0.0,839,73.7,5512397
Est,2004,Primaire,444,172272,93.1,48.5,0.0,3515,61.4,23642573
Est,2004,Collège,111,88578,66.0,46.0,0.0,2857,68.9,7539427
Est,2004,Lycée,75,38925,27.9,45.4,69.0,1297,77.7,6426130
Est,2004,Université,3,14415,10.9,48.2,0.0,306,88.8,2560216
Est,2005,Primaire,1176,444528,85.2,47.2,0.0,10102,73.3,45228571
Est,2005,Collège,91,30030,62.3,46.5,0.0,811,64.9,3377610
Est,2005,Lycée,95,49305,39.0,46.0,54.7,1297,72.5,6120080
Est,2005,Université,6,14106,14.9,48.3,0.0,371,78.4,1725234
Est,2006,Primaire,1232,362208,94.4,45.0,0.0,13415,80.5,61502994
Est,2006,Collège,270,93960,68.7,47.8,0.0,2135,86.6,13900375
Est,2006,Lycée,86,77486,36.1,50.4,41.2,1844,86.5,6461395
Est,2006,Université,5,6810,11.2,46.9,0.0,206,77.4,1072819
Est,2007,Primaire,740,153180,88.9,46.9,0.0,3126,82.1,19097905
Est,2007,Collège,198,110286,58.9,48.2,0.0,2689,84.4,16626016
Est,2007,Lycée,67,46029,33.7,51.1,55.1,1046,76.3,5847225
Est,2007,Université,2,7170,13.2,47.5,0.0,155,68.7,1396484
Est,2008,Primaire,1184,375328,77.1,47.2,0.0,12510,85.2,20814538
Est,2008,Collège,169,128947,57.9,51.1,0.0,3581,71.3,23315396
Est,2008,Lycée,27,21384,29.7,51.5,55.9,712,82.3,3503308
Est,2008,Université,1,4382,5.8,46.7,0.0,136,78.1,869763
Est,2009,Primaire,674,268252,94.8,51.6,0.0,7059,85.0,16797833
Est,2009,Collège,284,142852,56.4,47.0,0.0,3968,77.7,24127826
Est,2009,Lycée,67,28341,38.4,46.0,56.7,629,74.5,1628969
Est,2009,Université,5,9485,6.7,46.9,0.0,379,71.1,1338708
Est,2010,Primaire,662,94666,78.5,45.7,0.0,2704,89.8,16988568
Est,2010,Collège,257,172190,64.8,51.0,0.0,6622,88.5,13242382
Est,2010,Lycée,29,18995,31.6,47.1,41.1,499,79.4,2167759
Est,2010,Université,2,2978,7.6,45.8,0.0,70,78.8,343656
Est,2011,Primaire,1277,379269,83.0,48.0,0.0,7740,67.4,52651043
Est,2011,Collège,176,96976,55.1,51.3,0.0,2620,66.9,4939359
Est,2011,Lycée,36,29592,40.3,47.4,65.7,870,62.9,5105239
Est,2011,Université,9,19674,10.7,51.6,0.0,578,65.7,3756553
Est,2012,Primaire,558,83142,93.7,50.0,0.0,2519,74.4,5666036
Est,2012,Collège,120,44760,68.2,45.9,0.0,1657,75.3,8376157
Est,2012,Lycée,56,47152,26.5,48.4,57.5,1274,65.0,4643045
Est,2012,Université,1,3447,6.4,49.4,0.0,88,85.9,687223
Est,2013,Primaire,1210,304920,93.3,49.3,0.0,7260,77.3,17135453
Est,2013,Collège,289,168487,63.2,46.9,0.0,6739,81.2,16964210
Est,2013,Lycée,73,57305,44.4,46.4,65.9,2204,79.2,5582464
Est,2013,Université,1,1454,14.0,51.7,0.0,46,62.8,255182
Est,2014,Primaire,677,136077,76.6,49.0,0.0,3092,81.8,17791596
Est,2014,Collège,128,93824,53.2,46.2,0.0,2469,87.7,8533020
Est,2014,Lycée,87,66207,42.1,48.9,61.3,1789,74.2,6483102
Est,2014,Université,1,2890,11.9,50.5,0.0,74,70.9,388153
Est,2015,Primaire,1039,273257,78.5,49.4,0.0,6664,63.8,21166299
Est,2015,Collège,280,102200,58.4,45.6,0.0,3005,70.1,18895532
Est,2015,Lycée,88,83688,25.7,45.7,67.9,2145,77.7,12649738
Est,2015,Université,5,14700,14.9,49.5,0.0,459,70.0,1951642
Est,2016,Primaire,1142,412262,84.8,51.7,0.0,8771,62.1,43157651
Est,2016,Collège,136,65280,68.6,46.9,0.0,2251,77.2,12142882
Est,2016,Lycée,62,57908,42.2,51.4,44.7,1258,79.5,4962785
Est,2016,Université,5,8120,13.1,49.4,0.0,290,69.4,1108602
Est,2017,Primaire,528,95040,89.0,48.6,0.0,2262,82.1,8392137
Est,2017,Collège,179,141052,58.8,48.5,0.0,3205,71.2,9201181
Est,2017,Lycée,49,23667,29.1,47.9,59.7,788,77.0,1861895
Est,2017,Université,1,1394,5.7,47.1,0.0,33,65.9,142688
Est,2018,Primaire,789,175947,78.1,47.2,0.0,6516,60.6,20111043
Est,2018,Collège,181,94482,67.9,51.0,0.0,2863,62.7,5587178
Est,2018,Lycée,20,9160,36.4,51.6,64.1,208,71.7,789052
Est,2018,Université,1,1858,9.7,49.6,0.0,59,62.4,358629
Est,2019,Primaire,1436,331716,77.2,49.0,0.0,8292,66.2,55632249
Est,2019,Collège,176,131824,74.0,49.3,0.0,2929,88.7,14894990
Est,2019,Lycée,50,41850,38.1,49.6,55.8,1550,68.6,2949310
Est,2019,Université,9,11502,6.7,51.4,0.0,383,66.8,1097815
Est,2020,Primaire,488,82472,88.3,48.0,0.0,1874,88.0,15674441
Est,2020,Collège,111,75147,71.5,46.2,0.0,1789,65.7,6955934
Est,2020,Lycée,49,30968,38.0,45.6,42.4,1238,86.3,4908007
Est,2020,Université,4,18720,7.5,46.1,0.0,398,61.3,1064168
Est,2021,Primaire,670,120600,81.8,46.7,0.0,3015,85.6,15612134
Est,2021,Collège,275,201025,53.0,51.2,0.0,4102,86.1,10412554
Est,2021,Lycée,66,46596,42.9,50.5,74.8,1259,76.0,4871752
Est,2021,Université,3,9480,13.5,50.8,0.0,243,86.3,1379701
Est,2022,Primaire,1348,238596,92.5,48.7,0.0,6627,72.8,43711113
Est,2022,Collège,208,141648,62.2,49.5,0.0,5058,68.6,8185568
Est,2022,Lycée,24,10128,34.9,51.8,47.4,230,65.3,1819601
Est,2022,Université,1,1097,6.8,45.6,0.0,43,78.9,82160
Est,2023,Primaire,567,103194,90.3,45.5,0.0,2789,75.2,8559564
Est,2023,Collège,98,61740,54.8,50.4,0.0,2374,73.3,8082815
Est,2023,Lycée,46,45540,26.9,50.9,66.9,1518,64.4,6599049
Est,2023,Université,9,32085,8.1,47.9,0.0,1069,84.5,4854071
Extrême-Nord,2000,Primaire,770,158620,76.1,46.7,0.0,4067,85.5,23239533
Extrême-Nord,2000,Collège,219,120669,72.3,50.4,0.0,4161,64.5,8018623
Extrême-Nord,2000,Lycée,28,17976,30.9,49.1,54.3,418,63.8,1147187
Extrême-Nord,2000,Université,2,4922,14.3,50.4,0.0,182,86.6,345885
Extrême-Nord,2001,Primaire,1255,284885,79.3,47.8,0.0,8378,69.3,50144521
Extrême-Nord,2001,Collège,268,211720,63.2,50.9,0.0,4923,73.7,27422895
Extrême-Nord,2001,Lycée,96,94464,36.2,47.5,69.5,2009,67.7,4749675
Extrême-Nord,2001,Université,4,13316,13.4,46.2,0.0,302,80.8,835457
Extrême-Nord,2002,Primaire,828,265788,91.6,46.6,0.0,7817,86.3,30444737
Extrême-Nord,2002,Collège,193,59637,64.4,50.8,0.0,1490,78.9,10201311
Extrême-Nord,2002,Lycée,87,69078,41.6,47.4,42.1,2656,76.4,12136615
Extrême-Nord,2002,Université,9,38232,14.6,50.5,0.0,868,61.1,2035403
Extrême-Nord,2003,Primaire,274,27948,83.7,46.4,0.0,755,76.4,2572223
Extrême-Nord,2003,Collège,260,191620,65.8,49.4,0.0,7097,76.2,20278906
Extrême-Nord,2003,Lycée,89,45123,38.3,48.4,50.3,1100,67.6,3688958
Extrême-Nord,2003,Université,9,42183,7.5,50.6,0.0,1562,61.1,5448777
Extrême-Nord,2004,Primaire,256,89856,83.8,50.9,0.0,2642,70.3,14878463
Extrême-Nord,2004,Collège,61,19093,59.9,50.6,0.0,596,86.7,3011842
Extrême-Nord,2004,Lycée,92,83352,35.2,48.3,66.5,3205,77.6,8746846
Extrême-Nord,2004,Université,6,19752,6.1,51.4,0.0,637,85.7,2011638
Extrême-Nord,2005,Primaire,1331,206305,77.2,51.4,0.0,5429,75.2,25344007
Extrême-Nord,2005,Collège,168,78624,65.8,49.9,0.0,2912,73.4,14117835
Extrême-Nord,2005,Lycée,38,22154,25.7,51.3,62.1,632,61.6,1768024
Extrême-Nord,2005,Université,9,38016,12.8,47.4,0.0,808,71.6,2805716
Extrême-Nord,2006,Primaire,364,125216,87.7,49.0,0.0,3130,83.0,16836438
Extrême-Nord,2006,Collège,228,140676,68.9,51.9,0.0,3907,75.1,10614003
Extrême-Nord,2006,Lycée,36,17424,30.2,45.9,58.9,600,65.0,3000647
Extrême-Nord,2006,Université,2,5092,7.7,46.5,0.0,141,79.7,429162
Extrême-Nord,2007,Primaire,1467,538389,93.8,46.8,0.0,12520,81.8,107159669
Extrême-Nord,2007,Collège,271,122221,64.5,51.7,0.0,2600,70.8,21422609
Extrême-Nord,2007,Lycée,26,14664,29.9,45.7,57.4,325,63.8,2297408
Extrême-Nord,2007,Université,4,17708,12.7,50.3,0.0,708,66.5,1745539
Extrême-Nord,2008,Primaire,1043,204428,93.4,45.8,0.0,6012,66.2,25113633
Extrême-Nord,2008,Collège,65,23400,62.0,45.7,0.0,780,63.7,4675143
Extrême-Nord,2008,Lycée,99,94446,29.0,51.1,65.9,2552,81.6,13615712
Extrême-Nord,2008,Université,7,30184,11.2,51.9,0.0,754,68.8,4193519
Extrême-Nord,2009,Primaire,576,222912,75.5,49.3,0.0,5572,64.0,22439211
Extrême-Nord,2009,Collège,262,88294,67.1,46.2,0.0,2522,76.0,9033288
Extrême-Nord,2009,Lycée,54,49626,25.2,46.3,65.0,1341,89.5,8258244
Extrême-Nord,2009,Université,1,4434,6.3,50.1,0.0,98,71.3,679243
Extrême-Nord,2010,Primaire,1100,342100,88.3,47.7,0.0,7602,82.3,35176695
Extrême-Nord,2010,Collège,143,112970,52.5,49.2,0.0,3644,79.1,6751288
Extrême-Nord,2010,Lycée,62,28768,26.3,45.7,62.7,1150,70.8,4106212
Extrême-Nord,2010,Université,3,12009,7.1,51.8,0.0,316,60.3,2126389
Extrême-Nord,2011,Primaire,440,171160,88.2,48.2,0.0,4504,64.8,32040766
Extrême-Nord,2011,Collège,263,113879,61.3,46.9,0.0,3077,64.2,12215550
Extrême-Nord,2011,Lycée,65,53495,37.4,51.3,54.3,1783,61.7,7570564
Extrême-Nord,2011,Université,1,4188,14.0,48.5,0.0,126,65.7,688037
Extrême-Nord,2012,Primaire,508,98044,91.3,51.1,0.0,3770,65.8,16762103
Extrême-Nord,2012,Collège,66,46992,68.3,45.6,0.0,1092,74.5,8698960
Extrême-Nord,2012,Lycée,73,70810,27.8,48.5,59.9,1863,78.0,12434283
Extrême-Nord,2012,Université,5,7290,13.3,45.1,0.0,182,85.5,1130138
Extrême-Nord,2013,Primaire,655,212220,86.1,46.0,0.0,5895,79.6,41432930
Extrême-Nord,2013,Collège,249,164091,63.0,50.5,0.0,3816,87.0,9883262
Extrême-Nord,2013,Lycée,72,68256,35.9,49.4,54.8,2730,70.8,11236683
Extrême-Nord,2013,Université,4,12792,8.5,46.4,0.0,412,82.3,2207575
Extrême-Nord,2014,Primaire,1371,211134,83.0,48.5,0.0,7540,66.3,13598510
Extrême-Nord,2014,Collège,221,130611,69.0,46.1,0.0,3957,89.8,10590951
Extrême-Nord,2014,Lycée,80,59920,26.5,50.5,73.8,1248,61.0,5668615
Extrême-Nord,2014,Université,6,18174,12.8,52.0,0.0,422,76.1,1952838
Extrême-Nord,2015,Primaire,764,207808,83.0,47.2,0.0,8312,62.5,12454840
Extrême-Nord,2015,Collège,139,67693,61.6,46.3,0.0,1651,77.1,12552354
Extrême-Nord,2015,Lycée,98,80850,30.1,50.2,62.4,1837,83.4,15115754
Extrême-Nord,2015,Université,5,23785,6.6,47.3,0.0,609,77.3,2726607
Extrême-Nord,2016,Primaire,679,94381,82.7,49.7,0.0,2860,71.8,18211220
Extrême-Nord,2016,Collège,194,131532,68.2,45.4,0.0,2989,87.7,23543464
Extrême-Nord,2016,Lycée,64,47104,41.1,47.2,43.0,1002,84.8,6292575
Extrême-Nord,2016,Université,2,8332,12.6,47.2,0.0,238,83.2,1273028
Extrême-Nord,2017,Primaire,265,64660,86.2,48.8,0.0,1539,83.9,9837555
Extrême-Nord,2017,Collège,103,71482,71.9,48.0,0.0,1931,83.2,7289885
Extrême-Nord,2017,Lycée,68,30464,37.5,48.6,68.2,846,69.1,5167221
Extrême-Nord,2017,Université,8,30432,9.4,48.6,0.0,1170,73.3,2085033
Extrême-Nord,2018,Primaire,1161,398223,79.8,48.5,0.0,12845,74.7,68913306
Extrême-Nord,2018,Collège,131,59474,57.4,46.2,0.0,1749,81.3,6048763
Extrême-Nord,2018,Lycée,54,23922,33.3,49.6,57.7,583,68.4,1246446
Extrême-Nord,2018,Université,3,4224,7.5,48.1,0.0,91,64.7,276022
Extrême-Nord,2019,Primaire,1389,501429,94.0,46.3,0.0,13552,88.9,66154861
Extrême-Nord,2019,Collège,144,59760,73.8,46.6,0.0,2134,82.5,3219830
Extrême-Nord,2019,Lycée,54,28836,40.4,50.1,63.1,1029,73.3,3288600
Extrême-Nord,2019,Université,9,24174,11.2,45.8,0.0,514,70.2,1868822
Extrême-Nord,2020,Primaire,1171,395798,76.5,46.6,0.0,13648,61.4,62049073
Extrême-Nord,2020,Collège,257,77871,50.4,48.1,0.0,3114,80.0,8881261
Extrême-Nord,2020,Lycée,39,34242,25.2,47.2,71.9,796,60.9,4277735
Extrême-Nord,2020,Université,6,17472,12.2,50.1,0.0,698,80.8,3431781
Extrême-Nord,2021,Primaire,1167,459798,80.6,50.0,0.0,9579,89.3,75764219
Extrême-Nord,2021,Collège,286,153868,53.5,50.7,0.0,6154,65.6,15288602
Extrême-Nord,2021,Lycée,21,19404,32.6,49.0,65.2,396,79.1,3629058
Extrême-Nord,2021,Université,6,21168,8.6,46.4,0.0,516,89.7,3633489
Extrême-Nord,2022,Primaire,1493,189611,90.8,51.6,0.0,4309,73.8,21520191
Extrême-Nord,2022,Collège,103,71585,57.0,47.4,0.0,1835,77.3,7889652
Extrême-Nord,2022,Lycée,37,20831,39.6,45.3,52.1,743,66.7,1857541
Extrême-Nord,2022,Université,3,5151,14.9,50.5,0.0,156,88.4,635413
Extrême-Nord,2023,Primaire,356,77252,87.7,47.4,0.0,2575,80.8,12145036
Extrême-Nord,2023,Collège,134,60166,70.4,48.3,0.0,1769,84.6,3595817
Extrême-Nord,2023,Lycée,67,36649,27.2,50.1,68.3,1221,73.0,6494764
Extrême-Nord,2023,Université,4,10760,8.6,47.0,0.0,290,71.5,1887175
Littoral,2000,Primaire,1034,363968,79.7,51.8,0.0,9836,70.4,45306074
Littoral,2000,Collège,194,93508,68.7,45.1,0.0,2032,76.0,12790674
Littoral,2000,Lycée,21,11256,26.4,47.8,66.8,255,85.0,913500
Littoral,2000,Université,5,6435,6.8,51.3,0.0,136,83.3,451290
Littoral,2001,Primaire,749,74900,92.5,46.6,0.0,2880,78.7,13841643
Littoral,2001,Collège,268,211452,59.2,50.5,0.0,5421,89.7,36870145
Littoral,2001,Lycée,20,12560,32.5,51.6,46.9,405,80.2,1639935
Littoral,2001,Université,9,44811,10.7,46.9,0.0,1600,86.8,6415555
Littoral,2002,Primaire,238,34748,78.8,45.7,0.0,1198,83.0,2570905
Littoral,2002,Collège,149,47680,70.8,50.9,0.0,1402,74.8,5291712
Littoral,2002,Lycée,99,54846,35.3,48.1,44.1,1523,85.3,4840057
Littoral,2002,Université,5,8360,9.2,48.4,0.0,177,81.5,999421
Littoral,2003,Primaire,715,176605,89.8,51.0,0.0,5518,63.8,14118340
Littoral,2003,Collège,85,26520,63.5,49.7,0.0,855,77.3,4979329
Littoral,2003,Lycée,72,36072,30.3,47.7,73.2,1442,67.7,5120246
Littoral,2003,Université,5,12830,9.8,48.1,0.0,278,64.9,1789998
Littoral,2004,Primaire,841,185020,83.1,51.5,0.0,4205,78.3,15416097
Littoral,2004,Collège,144,68976,58.3,45.5,0.0,2652,73.6,6906937
Littoral,2004,Lycée,58,35438,36.4,46.7,71.0,770,78.1,6406962
Littoral,2004,Université,1,1756,9.8,49.1,0.0,43,65.2,299045
Littoral,2005,Primaire,628,187144,84.2,49.8,0.0,6238,77.5,30131074
Littoral,2005,Collège,223,155654,57.5,51.3,0.0,5188,73.5,26615715
Littoral,2005,Lycée,82,45674,44.7,46.2,60.9,932,63.6,2285825
Littoral,2005,Université,4,15548,5.6,47.7,0.0,518,66.8,2212948
Littoral,2006,Primaire,338,34138,81.5,45.8,0.0,1313,63.4,1954715
Littoral,2006,Collège,272,155584,63.4,47.9,0.0,3989,75.3,12245795
Littoral,2006,Lycée,50,25400,25.2,52.0,71.4,529,80.9,1720522
Littoral,2006,Université,4,16848,10.8,46.2,0.0,468,86.2,2342706
Littoral,2007,Primaire,1318,436258,92.5,47.4,0.0,16779,80.2,70617549
Littoral,2007,Collège,210,82950,58.5,49.2,0.0,2439,82.0,9467069
Littoral,2007,Lycée,91,82810,37.5,45.5,60.4,3312,70.4,9038341
Littoral,2007,Université,8,34880,9.6,49.0,0.0,1245,78.4,5166176
Littoral,2008,Primaire,386,130854,89.7,51.1,0.0,2670,67.2,17921150
Littoral,2008,Collège,163,119968,74.8,48.8,0.0,4284,71.3,16650981
Littoral,2008,Lycée,56,45528,30.4,47.9,60.3,1517,80.1,4037074
Littoral,2008,Université,1,4666,14.2,51.6,0.0,97,80.0,546400
Littoral,2009,Primaire,358,121362,88.7,46.1,0.0,4667,75.6,14358991
Littoral,2009,Collège,83,45152,57.9,49.1,0.0,1254,67.7,5142671
Littoral,2009,Lycée,40,32320,41.5,51.3,41.3,950,68.6,4714777
Littoral,2009,Université,8,14032,12.9,49.7,0.0,412,79.7,2272523
Littoral,2010,Primaire,546,92274,89.3,45.7,0.0,2366,73.2,13777784
Littoral,2010,Collège,295,200895,74.9,45.9,0.0,4671,71.8,16928435
Littoral,2010,Lycée,40,17360,30.1,48.5,53.2,496,60.6,959599
Littoral,2010,Université,3,14637,9.5,48.3,0.0,504,70.0,1045328
Littoral,2011,Primaire,770,94710,79.0,50.4,0.0,2428,80.4,8992965
Littoral,2011,Collège,271,88617,66.4,45.9,0.0,2953,80.5,13018774
Littoral,2011,Lycée,57,56316,41.0,48.7,40.1,1941,86.1,6713360
Littoral,2011,Université,1,2609,14.4,45.2,0.0,62,62.5,241574
Littoral,2012,Primaire,1090,178760,80.4,45.6,0.0,3724,76.0,25928421
Littoral,2012,Collège,55,26620,51.7,50.0,0.0,665,86.5,3817343
Littoral,2012,Lycée,35,25830,40.8,47.7,46.0,833,72.9,1972796
Littoral,2012,Université,7,7280,5.5,50.7,0.0,173,68.9,1265482
Littoral,2013,Primaire,666,231768,85.3,50.8,0.0,5267,79.5,34106620
Littoral,2013,Collège,296,134976,54.3,48.3,0.0,3213,78.1,14425979
Littoral,2013,Lycée,49,28273,43.7,47.9,43.5,974,81.0,5025021
Littoral,2013,Université,9,19773,7.6,50.5,0.0,581,66.5,2714923
Littoral,2014,Primaire,857,204823,91.3,49.6,0.0,7062,65.8,21650094
Littoral,2014,Collège,262,104014,66.2,46.8,0.0,2311,78.7,17503444
Littoral,2014,Lycée,67,49178,33.2,46.6,41.9,1821,87.4,8364736
Littoral,2014,Université,3,7560,8.9,50.4,0.0,290,60.7,777444
Littoral,2015,Primaire,937,114314,88.6,48.9,0.0,3464,76.0,10564311
Littoral,2015,Collège,99,74349,74.3,48.1,0.0,2009,87.1,5348253
Littoral,2015,Lycée,87,37236,43.6,48.4,63.1,1329,66.7,2143014
Littoral,2015,Université,3,13872,8.2,51.7,0.0,420,70.0,2422947
Littoral,2016,Primaire,327,104967,78.2,49.6,0.0,2624,74.7,16978898
Littoral,2016,Collège,255,190485,71.8,51.3,0.0,5602,89.2,17393206
Littoral,2016,Lycée,89,44767,33.7,51.5,48.6,1279,78.7,6050451
Littoral,2016,Université,1,1195,5.9,50.4,0.0,26,79.3,183903
Littoral,2017,Primaire,1431,343440,85.7,51.7,0.0,9540,70.8,59337221
Littoral,2017,Collège,172,126420,66.4,45.9,0.0,2873,76.4,19322862
Littoral,2017,Lycée,98,78596,33.9,47.1,52.2,2183,65.5,13069619
Littoral,2017,Université,3,3141,6.3,46.0,0.0,66,87.6,554296
Littoral,2018,Primaire,724,138284,94.9,45.1,0.0,3841,67.0,24613028
Littoral,2018,Collège,211,114151,60.5,50.5,0.0,2717,84.8,21395885
Littoral,2018,Lycée,49,26558,43.7,50.6,72.6,603,78.3,4839834
Littoral,2018,Université,4,19768,8.4,50.0,0.0,534,81.6,2897195
Littoral,2019,Primaire,202,49288,80.8,50.2,0.0,1146,80.0,8340144
Littoral,2019,Collège,128,51328,74.4,48.7,0.0,1974,85.3,4051749
Littoral,2019,Lycée,48,24144,42.1,47.7,43.8,894,86.6,3449179
Littoral,2019,Université,7,24556,13.4,45.5,0.0,571,71.4,3074514
Littoral,2020,Primaire,1331,427251,78.6,50.1,0.0,12207,73.7,83048826
Littoral,2020,Collège,189,86373,68.9,47.3,0.0,2699,62.9,4588703
Littoral,2020,Lycée,43,32809,30.9,45.3,45.9,698,76.5,5102585
Littoral,2020,Université,2,7168,5.8,49.8,0.0,149,89.4,1301532
Littoral,2021,Primaire,814,107448,78.0,48.4,0.0,2286,76.3,16037871
Littoral,2021,Collège,125,70625,60.1,51.4,0.0,1441,86.7,12441053
Littoral,2021,Lycée,50,40050,32.3,49.2,73.8,1251,87.1,5030150
Littoral,2021,Université,8,33704,10.8,47.5,0.0,1087,62.5,4322160
Littoral,2022,Primaire,1007,166155,89.9,48.9,0.0,6390,70.6,14893219
Littoral,2022,Collège,255,77010,59.7,48.4,0.0,1750,87.2,3912491
Littoral,2022,Lycée,38,23636,29.5,47.2,59.7,525,73.7,4685490
Littoral,2022,Université,3,3039,10.2,45.4,0.0,79,77.8,603054
Littoral,2023,Primaire,493,137547,91.1,48.9,0.0,2990,66.8,16313242
Littoral,2023,Collège,234,170352,60.3,50.4,0.0,5162,65.6,24113223
Littoral,2023,Lycée,47,42065,28.1,48.1,71.8,1237,76.4,5118237
Littoral,2023,Université,2,6058,6.3,49.8,0.0,208,73.9,1162526
Nord,2000,Primaire,496,157232,83.9,49.5,0.0,3418,83.5,25612766
Nord,2000,Collège,66,21714,73.7,47.9,0.0,586,81.0,3510965
Nord,2000,Lycée,81,70389,35.1,51.5,57.4,2427,61.5,11168062
Nord,2000,Université,7,28805,14.4,45.6,0.0,823,72.4,5637888
Nord,2001,Primaire,1133,173349,80.2,50.5,0.0,6191,61.3,18597603
Nord,2001,Collège,67,39329,61.1,51.2,0.0,1456,60.5,2403463
Nord,2001,Lycée,30,15900,30.0,47.2,42.1,530,61.1,1771400
Nord,2001,Université,6,6372,12.3,47.4,0.0,236,71.0,1057229
Nord,2002,Primaire,208,55536,80.2,47.8,0.0,1682,83.0,7457614
Nord,2002,Collège,81,44226,66.0,50.7,0.0,982,66.7,8587095
Nord,2002,Lycée,61,50142,36.2,45.3,74.1,1253,66.5,8421039
Nord,2002,Université,2,9622,12.5,47.5,0.0,283,65.1,684024
Nord,2003,Primaire,795,146280,84.4,48.1,0.0,4432,67.0,23784231
Nord,2003,Collège,172,60888,57.3,51.4,0.0,1268,62.0,9811919
Nord,2003,Lycée,87,48633,36.2,48.3,49.2,1157,84.3,6270082
Nord,2003,Université,9,30870,10.8,47.9,0.0,1064,67.9,2963419
Nord,2004,Primaire,1316,280308,77.8,48.8,0.0,6229,72.2,14500788
Nord,2004,Collège,121,56991,53.9,51.1,0.0,1266,79.7,5991280
Nord,2004,Lycée,93,84258,26.8,51.2,43.6,2340,81.3,12951637
Nord,2004,Université,2,8428,5.7,45.1,0.0,290,65.5,1675990
Nord,2005,Primaire,1413,231732,79.3,49.9,0.0,7724,83.9,26093465
Nord,2005,Collège,201,157182,69.2,47.8,0.0,4490,69.4,27444315
Nord,2005,Lycée,61,52155,42.3,49.7,50.8,1241,62.2,8034998
Nord,2005,Université,4,16064,7.6,49.8,0.0,446,67.7,1582073
Nord,2006,Primaire,893,110732,82.6,45.8,0.0,2914,73.3,9350548
Nord,2006,Collège,179,138188,73.5,50.5,0.0,4318,71.1,12941607
Nord,2006,Lycée,48,22944,32.8,47.7,59.8,655,81.7,1619371
Nord,2006,Université,6,23160,13.7,47.9,0.0,625,71.9,1891071
Nord,2007,Primaire,1205,122910,75.1,49.1,0.0,3964,90.0,13177287
Nord,2007,Collège,174,56376,69.1,48.5,0.0,1409,76.1,8914043
Nord,2007,Lycée,97,94575,44.9,51.1,49.6,2101,71.0,11739200
Nord,2007,Université,4,10644,12.2,45.5,0.0,231,64.1,2116944
Nord,2008,Primaire,1054,285634,91.4,50.3,0.0,7719,66.3,53004590
Nord,2008,Collège,199,94923,60.3,45.2,0.0,3650,77.4,10202904
Nord,2008,Lycée,81,78246,32.7,46.1,51.8,2173,75.5,5105088
Nord,2008,Université,7,20027,13.3,48.7,0.0,417,76.4,3339139
Nord,2009,Primaire,339,133566,83.9,51.6,0.0,3928,70.6,14768255
Nord,2009,Collège,193,121204,55.6,47.6,0.0,3787,88.6,19346778
Nord,2009,Lycée,68,27200,32.0,51.0,55.7,735,66.0,1611184
Nord,2009,Université,3,5124,9.7,50.4,0.0,134,80.2,271540
Nord,2010,Primaire,1302,358050,76.9,45.6,0.0,14322,68.1,56122542
Nord,2010,Collège,167,73480,69.2,50.8,0.0,1792,63.7,14483460
Nord,2010,Lycée,28,15988,40.4,46.3,58.2,380,84.1,2670508
Nord,2010,Université,2,9898,5.7,52.0,0.0,319,68.1,828572
Nord,2011,Primaire,1205,479590,85.4,47.5,0.0,10425,83.5,49193998
Nord,2011,Collège,191,106196,57.8,48.0,0.0,4084,67.0,17534771
Nord,2011,Lycée,91,88634,39.8,51.8,74.8,3282,85.7,5678216
Nord,2011,Université,4,5732,7.3,50.9,0.0,143,72.5,657704
Nord,2012,Primaire,1228,131396,79.3,45.3,0.0,3754,84.5,10753891
Nord,2012,Collège,259,206164,62.9,51.9,0.0,5425,79.3,32305829
Nord,2012,Lycée,40,24000,41.8,50.5,70.1,923,75.5,3710984
Nord,2012,Université,6,8388,6.5,47.7,0.0,190,86.1,1124625
Nord,2013,Primaire,1465,309115,94.3,45.8,0.0,11039,77.0,22222838
Nord,2013,Collège,238,182308,54.7,50.7,0.0,4797,89.3,28429871
Nord,2013,Lycée,85,46325,40.0,47.4,63.6,1403,87.2,7326699
Nord,2013,Université,1,3879,8.4,45.4,0.0,114,68.4,283210
Nord,2014,Primaire,426,54954,78.2,50.3,0.0,1340,70.6,4889295
Nord,2014,Collège,82,35998,50.9,49.3,0.0,818,69.1,4437659
Nord,2014,Lycée,53,47647,43.7,47.3,59.1,1287,66.6,7352020
Nord,2014,Université,1,4481,11.3,52.0,0.0,149,78.1,846735
Nord,2015,Primaire,444,172716,80.6,45.3,0.0,4016,87.8,26963204
Nord,2015,Collège,289,148835,55.1,45.3,0.0,5724,77.3,19132163
Nord,2015,Lycée,46,22402,35.3,48.1,42.8,560,79.4,3642374
Nord,2015,Université,1,4676,11.8,48.9,0.0,141,79.1,430425
Nord,2016,Primaire,398,126564,77.5,51.0,0.0,4218,69.9,16034896
Nord,2016,Collège,129,67725,67.9,51.8,0.0,1830,68.4,6713599
Nord,2016,Lycée,72,45072,32.2,47.6,42.0,1554,74.9,7469483
Nord,2016,Université,8,16824,6.6,48.8,0.0,365,61.4,1959632
Nord,2017,Primaire,1426,350796,94.5,46.1,0.0,9480,73.1,44791886
Nord,2017,Collège,115,37375,50.1,50.9,0.0,1384,65.1,4774988
Nord,2017,Lycée,37,19758,27.2,49.1,68.6,534,65.0,2131834
Nord,2017,Université,1,4655,8.9,47.2,0.0,96,66.2,898348
Nord,2018,Primaire,404,119988,80.1,51.2,0.0,2856,74.7,9805766
Nord,2018,Collège,298,95956,62.0,50.6,0.0,2525,86.0,5219449
Nord,2018,Lycée,37,34521,40.6,48.0,54.9,1190,88.2,1829485
Nord,2018,Université,5,19420,5.3,49.8,0.0,588,60.3,2556294
Nord,2019,Primaire,649,242077,82.9,49.1,0.0,5904,88.7,36500385
Nord,2019,Collège,248,109864,67.8,46.2,0.0,3544,71.6,6711637
Nord,2019,Lycée,73,71321,30.7,49.2,52.2,1876,66.0,9456393
Nord,2019,Université,4,12240,5.3,50.8,0.0,322,73.1,1638601
Nord,2020,Primaire,887,196914,91.4,46.8,0.0,7293,85.2,32535045
Nord,2020,Collège,217,105679,58.5,47.6,0.0,2401,69.2,19045163
Nord,2020,Lycée,60,51900,26.1,47.4,55.3,1402,77.3,5066537
Nord,2020,Université,6,21312,10.5,50.3,0.0,592,62.1,1073639
Nord,2021,Primaire,1037,139995,76.7,46.6,0.0,3499,87.8,17366887
Nord,2021,Collège,294,150528,60.7,45.1,0.0,5017,87.3,19768171
Nord,2021,Lycée,40,24880,37.8,50.2,71.6,592,65.9,3542614
Nord,2021,Université,8,10080,6.6,45.2,0.0,265,79.8,590966
Nord,2022,Primaire,687,178620,91.8,48.2,0.0,5761,88.9,24592577
Nord,2022,Collège,82,55760,63.2,50.5,0.0,1467,84.8,5315418
Nord,2022,Lycée,94,91556,42.5,49.8,60.4,2774,79.0,16947427
Nord,2022,Université,1,2992,7.0,47.9,0.0,115,88.5,554982
Nord,2023,Primaire,960,295680,83.4,50.2,0.0,11372,60.6,56777564
Nord,2023,Collège,92,45448,58.5,50.1,0.0,1056,80.6,2783264
Nord,2023,Lycée,55,54615,29.8,48.8,63.4,1400,86.3,2871895
Nord,2023,Université,7,34006,8.5,47.1,0.0,739,76.5,5220135
Nord-Ouest,2000,Primaire,1120,296800,85.0,47.6,0.0,8244,73.1,57781937
Nord-Ouest,2000,Collège,89,49128,55.7,50.8,0.0,1754,89.0,3771440
Nord-Ouest,2000,Lycée,82,62976,40.5,49.7,46.4,1369,65.6,3452317
Nord-Ouest,2000,Université,7,12600,6.9,46.7,0.0,484,67.5,1535361
Nord-Ouest,2001,Primaire,689,226681,92.8,49.4,0.0,8718,62.1,17629579
Nord-Ouest,2001,Collège,283,214231,59.8,45.0,0.0,5100,89.2,33974635
Nord-Ouest,2001,Lycée,27,23679,42.5,51.1,51.7,550,63.1,2268061
Nord-Ouest,2001,Université,6,14070,10.6,48.9,0.0,485,69.7,1035432
Nord-Ouest,2002,Primaire,1143,443484,76.3,45.7,0.0,12670,80.9,40816970
Nord-Ouest,2002,Collège,264,87648,59.5,49.6,0.0,2434,70.0,5747266
Nord-Ouest,2002,Lycée,48,26592,41.1,51.6,62.5,782,73.1,4287478
Nord-Ouest,2002,Université,7,10626,12.6,48.8,0.0,216,86.2,1137813
Nord-Ouest,2003,Primaire,1191,144111,79.4,50.0,0.0,3431,62.1,23010292
Nord-Ouest,2003,Collège,213,123327,53.6,46.1,0.0,4933,82.5,20945761
Nord-Ouest,2003,Lycée,30,22530,37.7,46.3,66.1,751,60.6,2242160
Nord-Ouest,2003,Université,4,11684,5.4,46.6,0.0,417,80.5,1956478
Nord-Ouest,2004,Primaire,591,135930,93.5,49.7,0.0,3161,64.6,26613170
Nord-Ouest,2004,Collège,213,64752,71.3,48.5,0.0,2490,85.0,9946096
Nord-Ouest,2004,Lycée,70,60760,34.4,46.0,54.9,1350,80.0,3359774
Nord-Ouest,2004,Université,4,6636,7.4,50.9,0.0,135,62.7,1308526
Nord-Ouest,2005,Primaire,272,76432,79.1,48.2,0.0,2316,87.2,13528268
Nord-Ouest,2005,Collège,255,101235,73.9,45.1,0.0,4049,73.3,11988139
Nord-Ouest,2005,Lycée,90,61830,32.6,48.9,42.2,1545,77.1,5133663
Nord-Ouest,2005,Université,4,12656,11.9,46.4,0.0,361,67.8,1751034
Nord-Ouest,2006,Primaire,376,89488,78.5,51.9,0.0,2485,62.1,17039863
Nord-Ouest,2006,Collège,218,92214,67.2,45.2,0.0,1881,86.0,7179058
Nord-Ouest,2006,Lycée,61,36295,32.2,50.9,61.4,789,84.6,4132789
Nord-Ouest,2006,Université,3,5994,10.9,45.1,0.0,206,71.9,507321
Nord-Ouest,2007,Primaire,1287,223938,90.7,46.1,0.0,8613,64.3,28708581
Nord-Ouest,2007,Collège,87,61248,65.1,49.8,0.0,1914,61.5,3281229
Nord-Ouest,2007,Lycée,82,61500,36.1,51.7,62.7,1336,60.4,4468843
Nord-Ouest,2007,Université,4,19156,7.9,51.9,0.0,407,75.7,3037371
Nord-Ouest,2008,Primaire,1396,265240,92.6,51.0,0.0,10201,74.7,50886468
Nord-Ouest,2008,Collège,182,99918,50.3,50.5,0.0,2497,77.1,18839524
Nord-Ouest,2008,Lycée,48,44304,32.4,49.2,56.0,904,85.9,4198788
Nord-Ouest,2008,Université,4,12568,5.3,48.0,0.0,292,77.3,1400039
Nord-Ouest,2009,Primaire,627,81510,89.7,48.7,0.0,1852,78.4,14552054
Nord-Ouest,2009,Collège,107,67838,54.0,50.8,0.0,1654,71.9,11233624
Nord-Ouest,2009,Lycée,85,81260,43.9,47.3,71.2,2138,83.8,15749437
Nord-Ouest,2009,Université,3,13059,13.2,49.0,0.0,343,86.0,1345568
Nord-Ouest,2010,Primaire,478,73134,80.4,46.1,0.0,1828,67.3,5025936
Nord-Ouest,2010,Collège,86,61232,70.7,51.1,0.0,1424,89.7,6792893
Nord-Ouest,2010,Lycée,63,61677,39.0,49.5,61.7,1401,64.5,11638336
Nord-Ouest,2010,Université,9,40041,9.2,48.8,0.0,910,63.8,6449627
Nord-Ouest,2011,Primaire,581,194635,95.0,46.7,0.0,7785,77.8,24863477
Nord-Ouest,2011,Collège,76,54796,59.5,45.8,0.0,1405,89.6,5701318
Nord-Ouest,2011,Lycée,33,15081,39.3,50.2,43.0,396,79.8,933373
Nord-Ouest,2011,Université,7,19964,8.4,48.3,0.0,688,72.8,2610755
Nord-Ouest,2012,Primaire,763,195328,92.3,45.1,0.0,6735,76.4,31093901
Nord-Ouest,2012,Collège,280,176680,50.1,51.7,0.0,5699,64.4,16427997
Nord-Ouest,2012,Lycée,46,28566,41.1,48.1,62.0,664,71.9,3036781
Nord-Ouest,2012,Université,6,20082,10.9,45.3,0.0,418,71.6,3322556
Nord-Ouest,2013,Primaire,508,191008,86.1,50.1,0.0,7640,86.6,19698263
Nord-Ouest,2013,Collège,115,48070,72.3,49.1,0.0,1045,65.1,8157437
Nord-Ouest,2013,Lycée,81,36855,30.1,49.9,52.9,898,67.3,6705166
Nord-Ouest,2013,Université,6,17922,12.8,49.9,0.0,459,68.8,1112248
Nord-Ouest,2014,Primaire,775,264275,83.9,45.3,0.0,6954,71.4,22564131
Nord-Ouest,2014,Collège,99,52866,73.6,51.5,0.0,1078,61.8,4036701
Nord-Ouest,2014,Lycée,72,57528,31.3,48.9,55.8,1643,72.7,9342629
Nord-Ouest,2014,Université,6,17892,13.4,48.9,0.0,559,78.8,1403465
Nord-Ouest,2015,Primaire,353,45890,92.0,45.3,0.0,1019,77.7,5596101
Nord-Ouest,2015,Collège,211,112463,65.1,50.8,0.0,3407,85.9,20253793
Nord-Ouest,2015,Lycée,49,43757,28.3,46.3,52.8,1121,75.0,8016993
Nord-Ouest,2015,Université,5,13445,9.3,46.0,0.0,280,84.9,768383
Nord-Ouest,2016,Primaire,1156,375700,88.9,49.9,0.0,9633,72.4,47581327
Nord-Ouest,2016,Collège,202,133724,56.2,46.0,0.0,4313,63.6,21601052
Nord-Ouest,2016,Lycée,61,27389,37.5,46.4,58.4,1053,81.4,5376770
Nord-Ouest,2016,Université,8,38152,12.4,46.4,0.0,1467,85.8,5111610
Nord-Ouest,2017,Primaire,457,69921,86.9,47.6,0.0,1705,67.7,10394344
Nord-Ouest,2017,Collège,261,186876,63.2,49.3,0.0,5050,83.4,29535170
Nord-Ouest,2017,Lycée,85,63750,37.8,45.1,44.6,1517,80.1,5684666
Nord-Ouest,2017,Université,8,17352,9.2,45.6,0.0,495,79.5,1664649
Nord-Ouest,2018,Primaire,1218,225330,94.2,50.9,0.0,4598,72.5,31210793
Nord-Ouest,2018,Collège,142,100820,55.4,49.9,0.0,2100,86.0,14967151
Nord-Ouest,2018,Lycée,31,13113,34.6,46.3,60.8,364,64.0,2036315
Nord-Ouest,2018,Université,8,17656,8.6,51.1,0.0,452,69.0,2393595
Nord-Ouest,2019,Primaire,1182,367602,90.9,52.0,0.0,12253,86.4,66191485
Nord-Ouest,2019,Collège,114,86640,64.3,48.4,0.0,1768,80.1,11329425
Nord-Ouest,2019,Lycée,39,26520,26.4,49.7,40.5,757,83.5,4248899
Nord-Ouest,2019,Université,9,23868,9.4,46.8,0.0,823,80.4,2510947
Nord-Ouest,2020,Primaire,947,275577,89.9,48.2,0.0,6123,87.5,39456420
Nord-Ouest,2020,Collège,209,105336,69.3,46.3,0.0,3762,81.2,10248157
Nord-Ouest,2020,Lycée,52,50544,28.0,51.1,55.1,2021,72.1,8876658
Nord-Ouest,2020,Université,1,1361,5.4,46.8,0.0,35,74.3,201995
Nord-Ouest,2021,Primaire,475,78850,87.5,51.2,0.0,2319,86.1,7849346
Nord-Ouest,2021,Collège,299,205712,63.5,47.2,0.0,4784,75.6,34744775
Nord-Ouest,2021,Lycée,74,53354,43.2,51.8,47.3,1905,79.6,4773503
Nord-Ouest,2021,Université,1,2243,12.0,50.0,0.0,46,83.6,384424
Nord-Ouest,2022,Primaire,779,291346,87.8,51.8,0.0,7874,74.4,29182677
Nord-Ouest,2022,Collège,116,71804,61.3,50.7,0.0,1560,85.2,3824573
Nord-Ouest,2022,Lycée,56,53144,25.8,50.3,40.4,1898,65.6,8699326
Nord-Ouest,2022,Université,3,14358,13.1,48.3,0.0,410,66.0,2085968
Nord-Ouest,2023,Primaire,743,80987,85.3,51.8,0.0,2999,76.6,8313397
Nord-Ouest,2023,Collège,77,55594,72.5,47.8,0.0,1985,73.2,3526353
Nord-Ouest,2023,Lycée,83,61669,27.2,47.3,45.8,1468,71.1,8702971
Nord-Ouest,2023,Université,3,6804,6.5,45.8,0.0,252,74.7,1161427
Ouest,2000,Primaire,984,180072,93.7,49.9,0.0,5002,63.4,17283568
Ouest,2000,Collège,292,146292,52.8,51.1,0.0,3250,64.4,23446743
Ouest,2000,Lycée,99,54351,43.0,46.8,44.4,1598,88.9,9099775
Ouest,2000,Université,5,11310,13.1,46.4,0.0,230,72.9,1746004
Ouest,2001,Primaire,575,74750,85.8,51.6,0.0,1525,68.2,13189047
Ouest,2001,Collège,263,101781,53.8,48.6,0.0,3283,63.4,14836775
Ouest,2001,Lycée,28,18676,31.4,50.2,51.6,565,60.4,2189509
Ouest,2001,Université,3,3858,13.8,47.1,0.0,83,69.9,341306
Ouest,2002,Primaire,1096,384696,91.8,48.1,0.0,11314,85.5,41328180
Ouest,2002,Collège,291,91665,54.8,49.9,0.0,2777,86.8,13467409
Ouest,2002,Lycée,23,18653,32.1,49.3,44.8,388,68.1,1419210
Ouest,2002,Université,9,27117,8.5,45.1,0.0,797,79.0,2125264
Ouest,2003,Primaire,331,96652,88.7,45.0,0.0,3117,67.1,18083850
Ouest,2003,Collège,180,123300,50.9,46.4,0.0,4932,85.9,7060387
Ouest,2003,Lycée,62,43896,29.7,47.3,53.7,1463,74.4,7471659
Ouest,2003,Université,5,9540,14.3,45.7,0.0,198,78.1,507219
Ouest,2004,Primaire,277,80053,92.8,49.8,0.0,2760,77.2,14384511
Ouest,2004,Collège,76,56924,55.5,45.7,0.0,1185,79.8,10480503
Ouest,2004,Lycée,97,46948,37.0,49.6,52.6,1676,85.0,3385287
Ouest,2004,Université,2,3132,6.1,51.1,0.0,68,88.9,415786
Ouest,2005,Primaire,831,226032,85.8,49.5,0.0,5650,81.3,16060267
Ouest,2005,Collège,225,124875,67.0,47.8,0.0,4995,72.6,8569572
Ouest,2005,Lycée,31,23591,35.7,51.8,49.8,575,81.2,4448710
Ouest,2005,Université,3,7905,14.4,49.5,0.0,179,60.6,885843
Ouest,2006,Primaire,633,131031,80.1,48.5,0.0,5241,66.1,23804553
Ouest,2006,Collège,254,97536,63.6,46.3,0.0,2120,62.6,15563490
Ouest,2006,Lycée,27,19710,44.5,46.4,47.6,480,89.0,2999783
Ouest,2006,Université,5,19015,12.2,48.6,0.0,463,89.3,1890222
Ouest,2007,Primaire,844,290336,76.2,48.8,0.0,7258,86.5,26103583
Ouest,2007,Collège,182,138684,59.6,50.5,0.0,3151,60.1,26513842
Ouest,2007,Lycée,42,29022,29.7,48.2,70.8,674,68.8,4701755
Ouest,2007,Université,7,9450,6.3,50.0,0.0,350,88.5,806436
Ouest,2008,Primaire,206,51294,93.2,48.6,0.0,1068,75.5,3924010
Ouest,2008,Collège,198,140778,69.2,50.0,0.0,5027,83.6,21551472
Ouest,2008,Lycée,81,54351,31.6,47.0,57.5,1430,84.1,9833421
Ouest,2008,Université,2,4896,8.8,45.3,0.0,125,83.3,256583
Ouest,2009,Primaire,941,128917,88.3,49.8,0.0,2802,78.7,22369510
Ouest,2009,Collège,267,96120,65.8,45.1,0.0,2827,82.5,7575616
Ouest,2009,Lycée,99,48906,31.5,45.3,55.7,1358,78.7,2517860
Ouest,2009,Université,8,33904,5.2,46.2,0.0,847,69.2,3199180
Ouest,2010,Primaire,932,302900,94.7,51.9,0.0,6181,86.8,45381435
Ouest,2010,Collège,291,136770,66.0,47.0,0.0,3696,80.8,18811740
Ouest,2010,Lycée,83,78767,39.1,46.9,66.9,3150,60.4,6142522
Ouest,2010,Université,6,21012,10.2,51.4,0.0,428,69.8,2518884
Ouest,2011,Primaire,488,107848,83.8,48.4,0.0,2396,87.9,17545387
Ouest,2011,Collège,172,85828,58.2,51.6,0.0,2319,64.8,7772546
Ouest,2011,Lycée,86,58222,41.7,50.5,72.1,1492,79.4,10011588
Ouest,2011,Université,6,19488,10.1,48.4,0.0,573,69.1,3017969
Ouest,2012,Primaire,745,280120,75.3,49.5,0.0,10773,73.6,43704996
Ouest,2012,Collège,230,142600,57.8,49.7,0.0,3752,61.0,21061721
Ouest,2012,Lycée,62,50964,39.1,51.2,43.4,1592,87.0,9335311
Ouest,2012,Université,2,4316,6.0,51.8,0.0,119,63.9,546895
Ouest,2013,Primaire,499,130738,76.1,49.4,0.0,3040,82.8,12372758
Ouest,2013,Collège,53,23267,67.6,50.1,0.0,830,85.0,1550198
Ouest,2013,Lycée,75,61350,26.9,49.5,64.7,2359,69.7,9729633
Ouest,2013,Université,8,13792,9.5,46.7,0.0,530,64.6,2413436
Ouest,2014,Primaire,1081,286465,77.5,48.7,0.0,5846,60.3,55236367
Ouest,2014,Collège,53,21306,69.8,46.1,0.0,645,72.8,3235744
Ouest,2014,Lycée,92,44436,34.9,49.3,57.7,945,69.1,3740052
Ouest,2014,Université,6,24804,7.1,51.0,0.0,918,63.4,1254758
Ouest,2015,Primaire,1459,288882,87.7,46.1,0.0,8496,83.3,54813429
Ouest,2015,Collège,257,199175,56.7,51.7,0.0,7967,61.3,30657857
Ouest,2015,Lycée,91,60515,30.6,50.4,61.0,1235,63.1,4636080
Ouest,2015,Université,8,11528,7.0,48.5,0.0,311,65.9,2031360
Ouest,2016,Primaire,1272,503712,83.3,48.7,0.0,16790,65.5,85330406
Ouest,2016,Collège,172,54008,55.0,47.0,0.0,1862,60.4,4913589
Ouest,2016,Lycée,29,25694,39.1,48.7,57.1,611,88.5,3534165
Ouest,2016,Université,7,28574,7.1,46.4,0.0,607,63.3,1554571
Ouest,2017,Primaire,863,268393,90.3,47.4,0.0,6099,64.3,28830493
Ouest,2017,Collège,51,37791,56.9,47.9,0.0,1180,81.3,5864026
Ouest,2017,Lycée,81,65043,25.9,45.8,41.2,1971,71.4,12683385
Ouest,2017,Université,9,15057,5.2,46.0,0.0,406,80.0,1007096
Ouest,2018,Primaire,752,198528,86.4,51.3,0.0,4411,71.1,22378280
Ouest,2018,Collège,141,109275,53.0,51.1,0.0,2665,60.5,19837945
Ouest,2018,Lycée,66,38742,44.6,50.6,43.8,900,71.8,3621445
Ouest,2018,Université,1,4721,12.4,49.1,0.0,102,74.3,509523
Ouest,2019,Primaire,497,128226,82.3,46.6,0.0,3465,64.7,6971828
Ouest,2019,Collège,148,108336,69.2,46.2,0.0,3186,86.2,17471854
Ouest,2019,Lycée,81,42930,40.8,46.2,67.4,998,83.0,6441887
Ouest,2019,Université,6,24504,10.5,45.6,0.0,544,82.4,1834468
Ouest,2020,Primaire,1413,560961,88.7,49.7,0.0,18698,85.5,43525649
Ouest,2020,Collège,244,116632,54.5,45.1,0.0,4665,71.5,6384675
Ouest,2020,Lycée,59,47908,31.6,51.4,64.8,1774,65.3,6217717
Ouest,2020,Université,4,11432,9.1,51.6,0.0,457,64.9,2075970
Ouest,2021,Primaire,791,202496,76.8,47.3,0.0,7232,81.0,31002465
Ouest,2021,Collège,171,99009,71.5,50.2,0.0,3536,62.3,9055216
Ouest,2021,Lycée,71,48706,36.1,45.3,46.3,1316,63.7,3257627
Ouest,2021,Université,3,8187,12.4,47.7,0.0,170,79.6,1241842
Ouest,2022,Primaire,332,123504,85.8,48.4,0.0,2684,85.0,23651238
Ouest,2022,Collège,280,194600,54.1,47.7,0.0,4140,68.2,38649511
Ouest,2022,Lycée,66,31614,25.8,49.2,72.6,1170,67.3,4933634
Ouest,2022,Université,1,1225,8.1,51.8,0.0,33,85.4,240211
Ouest,2023,Primaire,685,106860,89.1,46.0,0.0,2968,88.4,17157592
Ouest,2023,Collège,283,129614,61.2,50.5,0.0,3927,67.0,8956838
Ouest,2023,Lycée,31,26195,30.0,46.0,62.9,545,69.8,4513800
Ouest,2023,Université,9,20286,5.7,48.2,0.0,431,79.4,2780699
Sud,2000,Primaire,700,203000,76.3,51.7,0.0,7000,83.8,11423851
Sud,2000,Collège,146,55334,63.8,48.6,0.0,1580,62.0,4057994
Sud,2000,Lycée,39,20865,42.8,50.7,43.3,521,76.9,2775542
Sud,2000,Université,7,10066,13.2,45.6,0.0,335,62.6,783733
Sud,2001,Primaire,1298,306328,81.6,46.3,0.0,7854,71.2,44241284
Sud,2001,Collège,121,47916,68.8,49.9,0.0,1842,74.9,4405197
Sud,2001,Lycée,96,80064,37.1,51.7,52.6,2106,79.7,11610235
Sud,2001,Université,6,28200,12.4,45.9,0.0,587,71.8,2211146
Sud,2002,Primaire,1097,328003,91.8,45.9,0.0,7627,72.1,34263691
Sud,2002,Collège,204,67932,50.9,51.6,0.0,1543,80.2,5315227
Sud,2002,Lycée,94,69654,28.8,46.1,56.9,2401,85.7,11531993
Sud,2002,Université,3,5040,6.6,45.5,0.0,201,84.7,598162
Sud,2003,Primaire,1430,333190,90.5,50.9,0.0,9519,70.3,40365985
Sud,2003,Collège,101,35754,57.7,47.9,0.0,1021,81.0,4186593
Sud,2003,Lycée,25,19800,30.5,51.4,64.4,638,62.3,2814658
Sud,2003,Université,5,18860,9.5,49.6,0.0,419,87.4,1421777
Sud,2004,Primaire,419,49023,90.2,49.3,0.0,1225,78.4,3933073
Sud,2004,Collège,108,49788,57.5,49.1,0.0,1244,87.3,5564485
Sud,2004,Lycée,98,58016,43.4,46.0,60.5,2231,81.6,5597971
Sud,2004,Université,7,18235,8.2,46.9,0.0,387,74.1,3061476
Sud,2005,Primaire,655,165060,76.0,47.1,0.0,3668,89.2,29566609
Sud,2005,Collège,148,73112,58.2,50.6,0.0,2215,81.3,4908485
Sud,2005,Lycée,50,21750,43.8,47.3,58.0,572,88.8,3944690
Sud,2005,Université,2,9294,14.0,45.1,0.0,371,79.8,1049572
Sud,2006,Primaire,1457,150071,77.2,49.7,0.0,3751,71.5,28392758
Sud,2006,Collège,215,107930,59.0,46.9,0.0,2569,62.4,8040339
Sud,2006,Lycée,36,27864,44.2,47.4,68.0,714,64.9,3841877
Sud,2006,Université,5,15900,7.7,48.0,0.0,331,68.0,2821309
Sud,2007,Primaire,411,139329,82.3,46.4,0.0,3483,63.6,23138033
Sud,2007,Collège,187,93500,61.8,46.3,0.0,2077,82.5,9619878
Sud,2007,Lycée,69,57684,34.9,48.0,69.9,1518,75.0,3452029
Sud,2007,Université,2,3646,10.8,45.4,0.0,79,60.8,335460
Sud,2008,Primaire,868,343728,79.2,49.4,0.0,7014,78.6,52458642
Sud,2008,Collège,265,198750,59.3,47.2,0.0,4847,61.0,35621106
Sud,2008,Lycée,50,25200,32.9,45.9,45.2,700,74.0,3742555
Sud,2008,Université,5,7090,9.5,45.5,0.0,168,82.4,856768
Sud,2009,Primaire,537,104715,77.1,51.6,0.0,2617,60.8,15922986
Sud,2009,Collège,197,135536,71.9,50.0,0.0,4372,67.3,10793164
Sud,2009,Lycée,89,85173,34.4,50.3,57.7,2937,77.0,8933463
Sud,2009,Université,7,7637,6.9,50.2,0.0,200,73.7,952986
Sud,2010,Primaire,1461,356484,78.0,45.8,0.0,12731,74.5,26577131
Sud,2010,Collège,106,55862,58.3,51.0,0.0,1299,85.0,6893601
Sud,2010,Lycée,68,63920,37.0,48.5,62.3,2367,87.7,10002558
Sud,2010,Université,7,26075,11.9,45.5,0.0,841,62.6,5071435
Sud,2011,Primaire,1284,174624,92.0,48.1,0.0,3880,78.3,31579519
Sud,2011,Collège,212,115964,71.5,47.8,0.0,3998,63.6,15219912
Sud,2011,Lycée,52,29796,29.1,47.0,48.8,608,82.4,2593150
Sud,2011,Université,2,8486,7.2,49.6,0.0,282,61.5,1002387
Sud,2012,Primaire,1235,158080,79.8,50.6,0.0,4391,87.6,23311722
Sud,2012,Collège,231,115269,58.7,46.3,0.0,2505,66.7,11724705
Sud,2012,Lycée,69,49059,37.4,46.1,50.3,1582,80.3,3874642
Sud,2012,Université,6,27942,10.0,49.1,0.0,1074,65.9,4940436
Sud,2013,Primaire,807,266310,75.6,47.4,0.0,9511,83.8,44481938
Sud,2013,Collège,145,70760,51.8,49.3,0.0,1474,60.7,10150195
Sud,2013,Lycée,56,39200,33.3,50.0,67.4,1031,69.1,2108503
Sud,2013,Université,1,3536,5.0,45.0,0.0,141,73.9,345995
Sud,2014,Primaire,675,87750,78.5,45.3,0.0,2507,75.9,11182880
Sud,2014,Collège,194,62662,72.1,46.8,0.0,1392,60.5,3823638
Sud,2014,Lycée,52,28704,33.4,49.5,63.3,797,76.4,2916727
Sud,2014,Université,6,22518,9.1,51.4,0.0,608,84.3,3393456
Sud,2015,Primaire,1003,372113,94.9,47.9,0.0,13781,70.8,27068752
Sud,2015,Collège,227,91254,71.1,47.8,0.0,2401,60.2,5084291
Sud,2015,Lycée,56,34272,30.7,49.7,74.6,979,77.1,4084326
Sud,2015,Université,6,22020,7.3,51.0,0.0,595,80.5,2682115
Sud,2016,Primaire,291,95448,94.4,49.7,0.0,2121,74.4,9581693
Sud,2016,Collège,254,166370,63.0,47.8,0.0,6161,74.0,26180049
Sud,2016,Lycée,21,16884,37.1,47.2,52.6,456,71.8,1001707
Sud,2016,Université,1,4816,5.5,48.0,0.0,192,76.4,342509
Sud,2017,Primaire,315,75600,91.0,48.4,0.0,2160,83.8,11950294
Sud,2017,Collège,147,98637,64.4,46.6,0.0,3945,60.4,10475607
Sud,2017,Lycée,53,21942,25.3,51.8,74.5,707,62.2,3855417
Sud,2017,Université,7,14476,7.6,51.9,0.0,402,79.5,2296283
Sud,2018,Primaire,1024,346112,80.2,46.7,0.0,8874,60.5,31972394
Sud,2018,Collège,247,181051,59.2,47.9,0.0,5029,67.2,18167210
Sud,2018,Lycée,60,47820,30.7,48.1,44.7,1292,66.2,7299531
Sud,2018,Université,5,19935,13.4,52.0,0.0,711,77.4,3292560
Sud,2019,Primaire,293,39848,82.9,45.1,0.0,847,88.8,6301559
Sud,2019,Collège,130,96980,51.1,49.4,0.0,3879,79.1,7086291
Sud,2019,Lycée,79,40053,36.5,49.3,50.2,1027,73.1,4714980
Sud,2019,Université,2,4316,6.1,48.9,0.0,100,89.5,548200
Sud,2020,Primaire,641,250631,80.7,45.2,0.0,5114,70.2,25042376
Sud,2020,Collège,190,138890,56.0,50.7,0.0,3156,80.2,20931885
Sud,2020,Lycée,98,74578,40.5,48.2,65.5,1586,63.6,4322848
Sud,2020,Université,1,3417,11.8,46.7,0.0,92,61.9,614079
Sud,2021,Primaire,1120,129920,88.0,49.5,0.0,3331,88.3,22554532
Sud,2021,Collège,148,47952,59.6,50.2,0.0,1261,71.4,6159018
Sud,2021,Lycée,88,38368,44.6,46.2,57.2,1065,67.0,3770256
Sud,2021,Université,3,6159,12.7,51.2,0.0,139,75.2,350401
Sud,2022,Primaire,446,96782,83.5,49.2,0.0,2150,68.1,16164776
Sud,2022,Collège,110,38940,57.7,46.6,0.0,1112,84.1,6157632
Sud,2022,Lycée,47,26649,37.8,50.4,48.9,761,71.5,4305115
Sud,2022,Université,8,12440,5.1,50.5,0.0,414,89.6,758888
Sud,2023,Primaire,330,78540,76.3,48.7,0.0,1870,85.6,14085991
Sud,2023,Collège,261,123714,74.7,49.1,0.0,2877,66.3,22933343
Sud,2023,Lycée,76,47120,41.6,47.0,52.5,1047,72.0,7919221
Sud,2023,Université,3,13281,6.3,51.6,0.0,510,89.9,2577162
Sud-Ouest,2000,Primaire,370,130240,84.2,52.0,0.0,3427,89.6,18043871
Sud-Ouest,2000,Collège,129,60372,64.5,48.0,0.0,1631,87.0,9327196
Sud-Ouest,2000,Lycée,35,32725,28.0,49.9,61.0,962,68.3,3873018
Sud-Ouest,2000,Université,6,29010,12.2,48.1,0.0,967,81.7,2808078
Sud-Ouest,2001,Primaire,437,132848,87.5,51.6,0.0,4025,62.2,7881367
Sud-Ouest,2001,Collège,108,52380,68.7,48.6,0.0,1746,66.0,9650372
Sud-Ouest,2001,Lycée,52,31252,25.2,45.5,49.7,892,60.1,3402746
Sud-Ouest,2001,Université,2,5186,7.2,51.9,0.0,148,81.4,907822
Sud-Ouest,2002,Primaire,1309,429352,87.6,51.4,0.0,11009,86.9,22826825
Sud-Ouest,2002,Collège,70,44660,57.4,47.0,0.0,1089,79.4,4092379
Sud-Ouest,2002,Lycée,55,30525,27.0,50.9,60.0,693,84.6,6042356
Sud-Ouest,2002,Université,7,29596,10.6,51.3,0.0,704,69.0,5603256
Sud-Ouest,2003,Primaire,1434,474654,88.4,48.8,0.0,17579,83.0,25650315
Sud-Ouest,2003,Collège,167,79325,65.0,45.2,0.0,2558,76.0,10158308
Sud-Ouest,2003,Lycée,24,19008,33.3,50.7,71.8,442,62.8,2674893
Sud-Ouest,2003,Université,4,12856,6.3,47.9,0.0,321,86.5,1754535
Sud-Ouest,2004,Primaire,789,133341,84.9,48.8,0.0,3252,80.8,13172639
Sud-Ouest,2004,Collège,226,136730,70.7,48.5,0.0,3418,77.7,8455253
Sud-Ouest,2004,Lycée,64,26688,27.1,47.7,60.1,635,74.1,3590938
Sud-Ouest,2004,Université,7,14987,9.4,45.5,0.0,405,69.5,1629629
Sud-Ouest,2005,Primaire,1024,135168,87.3,50.6,0.0,4827,78.9,13691757
Sud-Ouest,2005,Collège,114,34998,66.6,48.7,0.0,1399,69.1,6334212
Sud-Ouest,2005,Lycée,75,61950,37.3,51.4,67.9,1264,87.5,4451579
Sud-Ouest,2005,Université,2,8216,7.5,51.9,0.0,328,71.1,819303
Sud-Ouest,2006,Primaire,623,207459,83.9,46.9,0.0,7153,71.6,28898456
Sud-Ouest,2006,Collège,276,83076,58.1,47.8,0.0,2967,60.6,11242133
Sud-Ouest,2006,Lycée,59,24603,35.9,45.4,45.3,723,87.0,3934068
Sud-Ouest,2006,Université,7,30632,6.9,45.3,0.0,785,82.9,3440208
Sud-Ouest,2007,Primaire,1464,264984,77.0,51.0,0.0,7161,87.0,31982746
Sud-Ouest,2007,Collège,206,98056,59.4,45.3,0.0,2801,61.8,9513981
Sud-Ouest,2007,Lycée,30,29040,41.7,45.2,40.8,605,68.4,2701653
Sud-Ouest,2007,Université,7,29771,5.5,49.6,0.0,902,68.8,1909247
Sud-Ouest,2008,Primaire,1086,322542,89.4,48.1,0.0,11519,85.8,55629698
Sud-Ouest,2008,Collège,101,66458,73.7,47.5,0.0,2215,61.2,4015142
Sud-Ouest,2008,Lycée,76,55176,33.0,50.5,61.3,1379,76.6,3372968
Sud-Ouest,2008,Université,7,7301,12.7,49.1,0.0,260,79.2,1308112
Sud-Ouest,2009,Primaire,1486,561708,81.6,51.6,0.0,11951,73.0,33031559
Sud-Ouest,2009,Collège,174,124584,62.4,51.6,0.0,4152,60.8,14413056
Sud-Ouest,2009,Lycée,36,19440,40.3,48.9,57.9,486,61.2,1114272
Sud-Ouest,2009,Université,5,9400,8.4,52.0,0.0,348,87.6,820320
Sud-Ouest,2010,Primaire,831,105537,91.7,49.3,0.0,2454,61.6,18775589
Sud-Ouest,2010,Collège,249,145416,66.7,46.7,0.0,3161,85.7,12121825
Sud-Ouest,2010,Lycée,90,55350,38.7,51.8,54.3,1845,61.5,9357269
Sud-Ouest,2010,Université,8,23688,10.3,50.5,0.0,740,78.8,3850317
Sud-Ouest,2011,Primaire,938,105056,79.3,49.7,0.0,2334,70.9,19981639
Sud-Ouest,2011,Collège,291,107961,52.2,50.6,0.0,2297,84.5,13911261
Sud-Ouest,2011,Lycée,39,36894,36.3,46.7,74.9,1190,65.5,7358966
Sud-Ouest,2011,Université,5,11125,6.9,45.1,0.0,383,67.1,797547
Sud-Ouest,2012,Primaire,823,226325,89.9,47.7,0.0,6858,69.4,41678405
Sud-Ouest,2012,Collège,104,59280,53.7,45.5,0.0,1602,60.5,10339022
Sud-Ouest,2012,Lycée,75,31725,42.7,50.7,62.4,906,60.7,4950573
Sud-Ouest,2012,Université,7,23226,10.1,46.4,0.0,703,82.6,4451707
Sud-Ouest,2013,Primaire,583,174900,90.0,48.6,0.0,4265,78.3,29455107
Sud-Ouest,2013,Collège,240,98400,67.2,51.8,0.0,2659,85.8,4968455
Sud-Ouest,2013,Lycée,81,61398,42.9,48.1,49.9,1461,81.3,9304908
Sud-Ouest,2013,Université,4,4344,13.1,47.5,0.0,103,88.1,596587
Sud-Ouest,2014,Primaire,1350,205200,89.4,48.0,0.0,4460,65.6,38699926
Sud-Ouest,2014,Collège,223,94552,72.9,47.3,0.0,2954,75.1,11101704
Sud-Ouest,2014,Lycée,62,27838,40.3,49.8,49.2,994,81.2,3297971
Sud-Ouest,2014,Université,2,9056,11.7,48.5,0.0,226,81.6,604156
Sud-Ouest,2015,Primaire,1315,259055,89.6,49.2,0.0,6167,69.2,21390291
Sud-Ouest,2015,Collège,228,104880,64.4,47.1,0.0,2439,61.8,14507654
Sud-Ouest,2015,Lycée,41,18245,38.5,50.4,68.9,608,61.2,2640956
Sud-Ouest,2015,Université,8,28096,13.5,49.6,0.0,1003,65.6,2397713
Sud-Ouest,2016,Primaire,557,177126,87.8,51.0,0.0,6107,73.1,24783469
Sud-Ouest,2016,Collège,75,27300,61.2,50.0,0.0,780,62.7,1684876
Sud-Ouest,2016,Lycée,42,33642,25.3,45.1,60.3,909,71.9,4824166
Sud-Ouest,2016,Université,3,11922,12.1,48.0,0.0,411,84.2,2009625
Sud-Ouest,2017,Primaire,423,96444,76.5,46.5,0.0,2009,75.2,7951520
Sud-Ouest,2017,Collège,63,45675,60.9,46.5,0.0,1827,73.4,5641715
Sud-Ouest,2017,Lycée,30,15540,25.7,48.7,64.8,518,87.1,3073133
Sud-Ouest,2017,Université,8,20152,5.7,47.5,0.0,575,73.5,1968376
Sud-Ouest,2018,Primaire,823,291342,80.5,49.3,0.0,7105,90.0,49918788
Sud-Ouest,2018,Collège,219,162936,68.8,46.9,0.0,5256,63.1,22533023
Sud-Ouest,2018,Lycée,75,47250,42.9,48.6,47.6,1476,64.8,5680482
Sud-Ouest,2018,Université,5,23070,9.0,48.1,0.0,607,66.3,4107534
Sud-Ouest,2019,Primaire,847,84700,85.1,50.7,0.0,1802,68.7,4271917
Sud-Ouest,2019,Collège,252,136836,69.3,49.7,0.0,3337,67.3,7283945
Sud-Ouest,2019,Lycée,28,12264,26.7,49.9,72.5,285,81.2,1203432
Sud-Ouest,2019,Université,2,7738,7.6,45.0,0.0,286,76.5,629173
Sud-Ouest,2020,Primaire,894,275352,81.1,45.0,0.0,5736,65.8,18053121
Sud-Ouest,2020,Collège,185,62715,52.0,51.6,0.0,1844,82.1,5613835
Sud-Ouest,2020,Lycée,85,69955,31.2,49.4,55.4,2690,63.7,6247762
Sud-Ouest,2020,Université,7,23191,10.4,46.0,0.0,891,72.0,2168056
Sud-Ouest,2021,Primaire,988,393224,94.1,50.1,0.0,8192,63.7,66782754
Sud-Ouest,2021,Collège,286,171028,68.5,45.2,0.0,6841,88.8,18644583
Sud-Ouest,2021,Lycée,40,36760,27.4,47.0,50.2,750,60.5,2908523
Sud-Ouest,2021,Université,3,14229,13.5,46.0,0.0,569,78.7,2540005
Sud-Ouest,2022,Primaire,396,62568,92.1,48.5,0.0,1896,68.4,4625997
Sud-Ouest,2022,Collège,181,132130,67.1,51.8,0.0,3145,62.3,10646873
Sud-Ouest,2022,Lycée,38,23066,34.5,51.2,47.7,536,71.3,2018613
Sud-Ouest,2022,Université,4,18500,5.4,51.8,0.0,474,87.1,3676460
Sud-Ouest,2023,Primaire,1178,259160,80.9,50.0,0.0,9967,68.7,27598162
Sud-Ouest,2023,Collège,167,60287,57.2,50.1,0.0,1826,88.4,7502752
Sud-Ouest,2023,Lycée,78,36582,29.1,51.9,62.2,871,89.8,3250501
Sud-Ouest,2023,Université,7,17339,12.5,45.1,0.0,495,89.3,3133199
