district,region,annee,population,taux_pauvrete_pct,acces_eau_potable_pct,acces_assainissement_pct,consultations_annuelles,hospitalisations,deces_maternels,cas_paludisme,centres_sante,personnel_medical
Ngaoundéré-D1,Adamaoua,2010,78671,26.2,74.3,51.7,134403,17327,526,20510,5,26
Ngaoundéré-D1,Adamaoua,2011,38891,26.9,79.6,53.7,68022,9761,243,14396,2,12
Ngaoundéré-D1,Adamaoua,2012,40658,32.5,70.1,51.3,46910,6645,113,17761,2,13
Ngaoundéré-D1,Adamaoua,2013,58773,37.0,69.3,45.2,79665,8193,350,25470,3,19
Ngaoundéré-D1,Adamaoua,2014,20031,49.1,63.6,30.6,30245,2072,50,4235,1,6
Ngaoundéré-D1,Adamaoua,2015,67230,31.1,81.6,54.3,116641,9264,380,27598,4,22
Ngaoundéré-D1,Adamaoua,2016,29886,43.6,69.9,45.2,47604,6585,133,9972,1,9
Ngaoundéré-D1,Adamaoua,2017,26750,53.1,63.4,30.6,23508,1739,99,11937,1,8
Ngaoundéré-D1,Adamaoua,2018,24367,38.7,68.1,44.9,20428,2506,188,11186,1,8
Ngaoundéré-D1,Adamaoua,2019,97478,21.0,81.2,56.9,93213,13487,209,39771,6,32
Ngaoundéré-D1,Adamaoua,2020,43856,37.6,70.1,42.1,57446,4179,328,11897,2,14
Ngaoundéré-D1,Adamaoua,2021,15371,54.8,53.2,27.0,29487,3737,98,3526,1,5
Ngaoundéré-D1,Adamaoua,2022,93716,24.5,83.6,58.5,158789,13930,724,46379,6,31
Ngaoundéré-D1,Adamaoua,2023,42280,50.5,55.5,33.6,27425,2302,206,16422,2,14
Ngaoundéré-D2,Adamaoua,2010,35525,32.3,76.4,55.6,41793,4744,190,8945,2,11
Ngaoundéré-D2,Adamaoua,2011,32652,55.2,52.0,31.1,37134,3090,96,15137,2,10
Ngaoundéré-D2,Adamaoua,2012,68051,52.0,60.9,29.6,58978,5723,171,30266,4,22
Ngaoundéré-D2,Adamaoua,2013,30095,29.8,70.2,47.0,33081,3727,103,14864,2,10
Ngaoundéré-D2,Adamaoua,2014,56447,47.2,61.8,43.9,31802,4208,393,15696,3,18
Ngaoundéré-D2,Adamaoua,2015,70842,26.9,77.8,56.4,98141,7843,522,15424,4,23
Ngaoundéré-D2,Adamaoua,2016,96982,38.0,71.1,46.7,48852,3177,463,39655,6,32
Ngaoundéré-D2,Adamaoua,2017,37888,20.5,78.3,63.3,56603,4713,150,12110,2,12
Ngaoundéré-D2,Adamaoua,2018,93396,52.8,59.1,35.8,154564,21116,484,34403,6,31
Ngaoundéré-D2,Adamaoua,2019,94856,26.6,79.7,61.3,102410,14942,267,40342,6,31
Ngaoundéré-D2,Adamaoua,2020,55664,26.9,83.7,63.7,81759,9828,295,25910,3,18
Ngaoundéré-D2,Adamaoua,2021,39043,25.0,78.5,62.7,58931,7786,110,11585,2,13
Ngaoundéré-D2,Adamaoua,2022,56656,57.0,54.2,25.3,53060,6851,342,23031,3,18
Ngaoundéré-D2,Adamaoua,2023,94697,20.4,88.3,56.5,183201,24675,710,19831,6,31
Ngaoundéré-D3,Adamaoua,2010,28413,44.5,55.8,43.3,48525,5612,218,5966,1,9
Ngaoundéré-D3,Adamaoua,2011,22018,32.9,82.6,51.1,24670,1684,103,7492,1,7
Ngaoundéré-D3,Adamaoua,2012,12866,37.7,70.4,53.9,24556,3104,89,4174,1,5
Ngaoundéré-D3,Adamaoua,2013,93903,50.2,64.7,25.7,131480,7665,286,28983,6,31
Ngaoundéré-D3,Adamaoua,2014,63945,25.4,84.3,64.5,105831,13932,140,22194,4,21
Ngaoundéré-D3,Adamaoua,2015,43431,52.8,57.4,29.3,83291,12328,241,19927,2,14
Ngaoundéré-D3,Adamaoua,2016,61584,24.8,81.7,69.4,64619,7157,462,27291,4,20
Ngaoundéré-D3,Adamaoua,2017,99262,26.6,74.8,56.5,156386,14555,550,28592,6,33
Ngaoundéré-D3,Adamaoua,2018,67127,48.6,54.7,36.9,53885,2812,224,14379,4,22
Ngaoundéré-D3,Adamaoua,2019,12463,37.6,76.1,43.5,8819,966,57,2910,1,5
Ngaoundéré-D3,Adamaoua,2020,17674,43.7,74.3,42.2,15195,1408,51,7689,1,5
Ngaoundéré-D3,Adamaoua,2021,10746,21.5,74.3,58.6,14450,1486,32,5265,1,5
Ngaoundéré-D3,Adamaoua,2022,15489,49.5,52.9,38.0,8850,890,32,4971,1,5
Ngaoundéré-D3,Adamaoua,2023,51705,29.8,74.4,58.4,60624,7147,256,18828,3,17
Meiganga-D1,Adamaoua,2010,50508,26.3,66.2,49.1,73927,10459,190,15431,3,16
Meiganga-D1,Adamaoua,2011,89228,45.9,58.0,35.0,170852,17525,675,33127,5,29
Meiganga-D1,Adamaoua,2012,20904,44.7,64.4,32.1,23483,1907,97,4692,1,6
Meiganga-D1,Adamaoua,2013,91931,27.6,88.8,53.5,115799,8363,554,31712,6,30
Meiganga-D1,Adamaoua,2014,83779,48.6,54.9,33.8,123978,14027,176,23463,5,27
Meiganga-D1,Adamaoua,2015,52437,38.5,70.6,45.9,41325,4332,308,13127,3,17
Meiganga-D1,Adamaoua,2016,74218,23.1,75.5,61.5,129665,7136,189,23216,4,24
Meiganga-D1,Adamaoua,2017,96637,34.8,68.0,53.1,76552,7565,554,24653,6,32
Meiganga-D1,Adamaoua,2018,85535,40.0,71.1,52.0,97153,7659,526,23929,5,28
Meiganga-D1,Adamaoua,2019,63038,23.3,83.3,56.9,35945,4651,240,22168,4,21
Meiganga-D1,Adamaoua,2020,94911,50.4,62.6,27.5,92502,12449,422,30060,6,31
Meiganga-D1,Adamaoua,2021,70254,27.6,79.4,56.2,79625,4111,282,23829,4,23
Meiganga-D1,Adamaoua,2022,66566,54.7,54.0,34.4,97595,9514,177,24257,4,22
Meiganga-D1,Adamaoua,2023,74883,48.8,70.8,30.7,98351,13479,286,25247,4,24
Meiganga-D2,Adamaoua,2010,86226,37.8,73.6,57.2,87416,7846,411,41183,5,28
Meiganga-D2,Adamaoua,2011,84373,25.6,75.3,66.9,47695,2721,441,18138,5,28
Meiganga-D2,Adamaoua,2012,26830,44.9,56.6,39.0,17213,1885,96,13255,1,8
Meiganga-D2,Adamaoua,2013,29016,21.2,77.9,66.1,32774,4161,60,9302,1,9
Meiganga-D2,Adamaoua,2014,71913,45.6,63.1,46.8,63619,8085,143,16215,4,23
Meiganga-D2,Adamaoua,2015,34937,23.4,78.5,64.5,57039,6907,201,7869,2,11
Meiganga-D2,Adamaoua,2016,34575,46.6,55.3,39.4,60019,7003,261,7729,2,11
Meiganga-D2,Adamaoua,2017,35082,40.3,75.3,51.6,56269,6316,122,11954,2,11
Meiganga-D2,Adamaoua,2018,10373,57.4,51.8,31.9,10782,951,66,3562,1,5
Meiganga-D2,Adamaoua,2019,24027,46.7,56.1,38.1,26191,2432,188,7095,1,8
Meiganga-D2,Adamaoua,2020,93878,27.1,74.8,52.9,183149,25792,516,31285,6,31
Meiganga-D2,Adamaoua,2021,71954,26.3,68.4,57.6,115552,9005,525,31687,4,23
Meiganga-D2,Adamaoua,2022,54551,53.2,53.8,19.6,95840,9048,345,23541,3,18
Meiganga-D2,Adamaoua,2023,78215,36.5,70.1,43.8,124745,14545,423,16312,5,26
Meiganga-D3,Adamaoua,2010,47690,45.6,69.9,41.0,90208,10657,153,15091,3,15
Meiganga-D3,Adamaoua,2011,39835,52.2,55.9,33.0,43820,3015,264,13091,2,13
Meiganga-D3,Adamaoua,2012,22422,28.2,76.1,60.9,24234,3576,86,8303,1,7
Meiganga-D3,Adamaoua,2013,60744,21.2,77.1,58.1,99214,12103,447,19107,4,20
Meiganga-D3,Adamaoua,2014,54961,22.6,84.8,53.0,80598,10918,270,12160,3,18
Meiganga-D3,Adamaoua,2015,82945,42.7,61.6,38.0,96214,13808,419,18911,5,27
Meiganga-D3,Adamaoua,2016,20768,34.5,67.3,41.8,13661,955,54,6803,1,6
Meiganga-D3,Adamaoua,2017,93048,28.0,75.0,55.4,157872,15276,314,45600,6,31
Meiganga-D3,Adamaoua,2018,15399,38.5,67.2,46.2,14716,1917,34,6086,1,5
Meiganga-D3,Adamaoua,2019,38543,22.3,80.4,62.4,64632,4603,248,12133,2,12
Meiganga-D3,Adamaoua,2020,56047,49.7,65.8,42.0,48274,2418,256,13442,3,18
Meiganga-D3,Adamaoua,2021,89508,32.5,66.9,43.6,103339,13667,699,35924,5,29
Meiganga-D3,Adamaoua,2022,80460,57.2,54.2,30.7,82282,10138,498,26949,5,26
Meiganga-D3,Adamaoua,2023,96918,46.8,54.6,39.4,183741,27555,699,45825,6,32
Yaoundé-D1,Centre,2010,74020,42.2,61.2,47.2,115522,16433,223,23997,4,24
Yaoundé-D1,Centre,2011,18110,59.5,46.5,28.8,33208,3648,115,7549,1,6
Yaoundé-D1,Centre,2012,91544,39.4,72.5,42.4,56598,6346,373,19696,6,30
Yaoundé-D1,Centre,2013,83823,48.8,64.8,38.0,84192,4536,169,28294,5,27
Yaoundé-D1,Centre,2014,14558,22.9,76.3,52.4,25932,2328,65,5546,1,5
Yaoundé-D1,Centre,2015,42864,53.9,57.9,32.9,61086,7636,334,18935,2,14
Yaoundé-D1,Centre,2016,44148,30.8,74.3,52.5,63902,4528,240,16680,2,14
Yaoundé-D1,Centre,2017,51685,59.2,52.9,32.0,77702,8144,157,18197,3,17
Yaoundé-D1,Centre,2018,12493,37.8,68.0,49.3,19810,1680,84,5263,1,5
Yaoundé-D1,Centre,2019,60123,32.8,69.2,50.2,51306,7014,344,15026,4,20
Yaoundé-D1,Centre,2020,21716,23.4,75.6,65.2,16468,1044,110,7119,1,7
Yaoundé-D1,Centre,2021,42437,49.5,60.2,32.3,27154,3198,320,11029,2,14
Yaoundé-D1,Centre,2022,24374,36.4,76.6,52.9,15838,823,145,9400,1,8
Yaoundé-D1,Centre,2023,98977,28.6,78.0,47.0,52013,3165,424,39416,6,32
Yaoundé-D2,Centre,2010,64710,55.3,56.1,36.6,109002,15214,154,13557,4,21
Yaoundé-D2,Centre,2011,98884,40.2,71.9,48.6,136096,13553,229,20587,6,32
Yaoundé-D2,Centre,2012,68771,48.2,60.9,31.1,94974,4752,275,30040,4,22
Yaoundé-D2,Centre,2013,73953,40.3,68.1,46.6,108100,13532,501,22601,4,24
Yaoundé-D2,Centre,2014,29606,58.0,48.4,26.9,43004,4672,201,13148,1,9
Yaoundé-D2,Centre,2015,62432,34.7,76.7,48.7,79246,9209,317,13191,4,20
Yaoundé-D2,Centre,2016,80505,56.0,51.8,25.8,160699,16565,443,38808,5,26
Yaoundé-D2,Centre,2017,34840,26.5,75.9,61.7,45413,3927,224,11473,2,11
Yaoundé-D2,Centre,2018,53815,43.1,75.4,45.3,97868,11636,323,11398,3,17
Yaoundé-D2,Centre,2019,68944,30.4,82.2,50.0,80774,5922,417,22815,4,22
Yaoundé-D2,Centre,2020,80945,34.0,74.4,44.2,122038,18079,215,32604,5,26
Yaoundé-D2,Centre,2021,13759,39.6,69.5,41.3,22085,1490,53,4138,1,5
Yaoundé-D2,Centre,2022,87577,49.6,59.5,26.6,50528,3533,374,39632,5,29
Yaoundé-D2,Centre,2023,26813,46.7,62.8,38.7,43496,4098,210,5649,1,8
Yaoundé-D3,Centre,2010,12429,56.9,52.3,35.0,10277,592,81,5252,1,5
Yaoundé-D3,Centre,2011,11317,35.5,73.6,43.0,13426,1327,90,4155,1,5
Yaoundé-D3,Centre,2012,98478,56.6,64.9,30.9,180283,19230,502,45860,6,32
Yaoundé-D3,Centre,2013,28403,55.9,56.6,24.8,34290,3744,196,10525,1,9
Yaoundé-D3,Centre,2014,69705,59.1,51.6,15.0,107674,13648,551,17144,4,23
Yaoundé-D3,Centre,2015,23132,40.6,65.6,41.9,22607,1163,127,6160,1,7
Yaoundé-D3,Centre,2016,27619,51.1,62.4,33.0,38487,3538,211,13216,1,9
Yaoundé-D3,Centre,2017,83106,46.8,58.7,45.0,128190,15677,305,28499,5,27
Yaoundé-D3,Centre,2018,34465,55.4,54.5,25.2,36825,3899,180,8871,2,11
Yaoundé-D3,Centre,2019,61395,56.3,56.5,25.5,114501,14529,300,25949,4,20
Yaoundé-D3,Centre,2020,88658,36.5,68.8,38.8,150978,13610,418,39454,5,29
Yaoundé-D3,Centre,2021,20292,39.6,65.5,42.2,29089,4069,107,6580,1,6
Yaoundé-D3,Centre,2022,62192,37.2,54.4,47.4,51645,4539,286,20944,4,20
Yaoundé-D3,Centre,2023,98106,20.8,76.7,60.2,178268,17590,749,41021,6,32
Mfou-D1,Centre,2010,25452,31.2,74.5,50.1,22410,1500,145,6889,1,8
Mfou-D1,Centre,2011,61644,40.7,67.7,39.4,64047,4106,326,15267,4,20
Mfou-D1,Centre,2012,26300,30.8,74.1,52.2,16809,972,53,11169,1,8
Mfou-D1,Centre,2013,42580,21.2,86.2,47.7,75048,5414,261,12454,2,14
Mfou-D1,Centre,2014,70339,42.7,61.0,31.8,58519,5594,377,28000,4,23
Mfou-D1,Centre,2015,35938,57.0,60.0,39.0,18143,2367,274,9033,2,11
Mfou-D1,Centre,2016,37808,23.0,83.2,62.8,71224,6597,153,8218,2,12
Mfou-D1,Centre,2017,12029,34.8,78.9,53.7,18793,2415,29,2499,1,5
Mfou-D1,Centre,2018,48108,31.2,80.5,50.3,86411,4987,328,20884,3,16
Mfou-D1,Centre,2019,55446,22.7,78.4,59.7,35021,4729,422,26013,3,18
Mfou-D1,Centre,2020,44490,41.0,78.1,46.4,79470,7600,288,9430,2,14
Mfou-D1,Centre,2021,46238,42.1,67.4,38.8,41093,4711,263,13878,3,15
Mfou-D1,Centre,2022,70162,55.9,55.3,19.9,71643,7846,349,23833,4,23
Mfou-D1,Centre,2023,13303,41.2,64.1,52.6,14286,1810,91,4646,1,5
Mfou-D2,Centre,2010,75018,36.5,71.4,50.0,140585,16829,393,28502,5,25
Mfou-D2,Centre,2011,68233,53.2,55.1,35.1,43245,3471,283,32837,4,22
Mfou-D2,Centre,2012,87329,40.0,72.8,49.0,95194,6940,474,31354,5,29
Mfou-D2,Centre,2013,20887,33.0,78.2,43.4,23677,1252,151,6764,1,6
Mfou-D2,Centre,2014,54685,42.1,50.7,43.7,108789,16114,174,19942,3,18
Mfou-D2,Centre,2015,32177,34.6,75.3,55.3,32234,3682,207,13499,2,10
Mfou-D2,Centre,2016,17917,59.1,55.6,21.7,34230,4704,37,8339,1,5
Mfou-D2,Centre,2017,85754,54.5,50.4,33.6,60601,5994,612,34471,5,28
Mfou-D2,Centre,2018,81513,33.1,72.5,53.7,50839,7304,340,29565,5,27
Mfou-D2,Centre,2019,37904,27.5,78.9,57.0,40587,3870,146,10176,2,12
Mfou-D2,Centre,2020,71412,21.8,83.2,59.1,102068,5492,553,18585,4,23
Mfou-D2,Centre,2021,84336,27.3,81.5,54.1,144283,20564,459,37404,5,28
Mfou-D2,Centre,2022,35653,54.4,59.8,27.1,60638,4579,237,10381,2,11
Mfou-D2,Centre,2023,26817,56.1,60.4,25.1,37507,3998,65,9002,1,8
Mfou-D3,Centre,2010,36820,57.3,58.3,27.9,72004,8739,115,9771,2,12
Mfou-D3,Centre,2011,74304,30.7,74.7,46.2,41718,2673,452,33021,4,24
Mfou-D3,Centre,2012,73191,45.2,64.3,40.2,115883,16044,317,28530,4,24
Mfou-D3,Centre,2013,96155,24.0,75.2,66.9,164165,10879,700,26212,6,32
Mfou-D3,Centre,2014,99756,40.9,66.0,50.1,199259,20690,699,44307,6,33
Mfou-D3,Centre,2015,62089,24.1,76.9,56.5,72516,5219,227,27262,4,20
Mfou-D3,Centre,2016,65012,23.9,84.2,48.9,46739,3818,378,23618,4,21
Mfou-D3,Centre,2017,20515,20.7,89.1,50.4,34026,3489,76,7613,1,6
Mfou-D3,Centre,2018,56530,44.4,62.5,50.9,49327,5091,372,14097,3,18
Mfou-D3,Centre,2019,14813,32.8,81.1,47.6,28791,2924,65,3507,1,5
Mfou-D3,Centre,2020,70739,58.3,52.6,18.9,95241,7879,383,34226,4,23
Mfou-D3,Centre,2021,72761,51.7,60.1,40.8,41853,2724,573,25952,4,24
Mfou-D3,Centre,2022,88491,49.1,61.0,32.9,109132,13365,377,24977,5,29
Mfou-D3,Centre,2023,49630,24.8,90.4,58.7,39564,5314,351,11236,3,16
Obala-D1,Centre,2010,33872,53.5,50.7,24.2,63269,7768,99,13569,2,11
Obala-D1,Centre,2011,88783,26.7,86.7,58.0,174580,23179,271,34300,5,29
Obala-D1,Centre,2012,10019,28.2,77.5,49.5,8260,1063,66,3131,1,5
Obala-D1,Centre,2013,67295,24.7,90.1,56.7,68680,9831,151,30094,4,22
Obala-D1,Centre,2014,98206,24.9,85.7,55.8,98002,13095,283,36808,6,32
Obala-D1,Centre,2015,89984,27.4,76.0,55.0,178628,15193,474,40123,5,29
Obala-D1,Centre,2016,83768,32.8,66.7,51.5,157327,19413,195,30178,5,27
Obala-D1,Centre,2017,13695,56.1,47.6,28.8,17176,1172,109,3777,1,5
Obala-D1,Centre,2018,19467,39.0,70.3,47.3,24630,3319,139,4482,1,6
Obala-D1,Centre,2019,64425,24.7,78.1,59.4,89124,10735,180,27932,4,21
Obala-D1,Centre,2020,61157,39.8,63.4,51.3,35885,5008,375,29576,4,20
Obala-D1,Centre,2021,79908,22.3,78.4,55.9,116512,11520,314,26223,5,26
Obala-D1,Centre,2022,78786,29.8,78.5,54.6,74839,8692,307,21428,5,26
Obala-D1,Centre,2023,63050,46.2,55.7,40.9,41571,2199,469,29106,4,21
Obala-D2,Centre,2010,73751,48.7,55.7,37.6,108029,10962,454,20912,4,24
Obala-D2,Centre,2011,43000,34.6,67.8,42.7,22459,3360,124,15072,2,14
Obala-D2,Centre,2012,46414,57.6,49.9,25.2,91534,12508,283,15572,3,15
Obala-D2,Centre,2013,14452,46.2,61.7,37.2,23185,2023,35,3259,1,5
Obala-D2,Centre,2014,68559,20.3,83.8,52.2,82221,11124,163,25767,4,22
Obala-D2,Centre,2015,56145,52.0,51.3,35.0,62124,5711,120,23620,3,18
Obala-D2,Centre,2016,66416,53.5,59.8,36.7,99912,11806,494,32221,4,22
Obala-D2,Centre,2017,76203,57.9,58.8,25.0,68114,8124,379,35695,5,25
Obala-D2,Centre,2018,91247,32.9,73.7,58.4,181416,18864,408,37673,6,30
Obala-D2,Centre,2019,86914,47.3,60.6,41.5,139396,15199,338,28727,5,28
Obala-D2,Centre,2020,66966,41.3,75.1,41.2,96174,5386,404,26098,4,22
Obala-D2,Centre,2021,21315,54.4,51.7,30.5,26074,3718,144,7542,1,7
Obala-D2,Centre,2022,90578,37.8,70.1,40.1,46313,6065,641,18191,6,30
Obala-D2,Centre,2023,83032,25.9,89.7,53.1,140001,17590,252,34301,5,27
Obala-D3,Centre,2010,60882,20.5,91.9,59.4,85135,11848,139,13664,4,20
Obala-D3,Centre,2011,18406,30.1,76.9,49.3,35930,2547,45,7909,1,6
Obala-D3,Centre,2012,15643,57.5,57.6,31.3,29342,3795,58,3588,1,5
Obala-D3,Centre,2013,42401,53.4,64.8,36.3,52617,3484,317,18323,2,14
Obala-D3,Centre,2014,73123,55.7,50.3,25.5,101805,5989,558,15348,4,24
Obala-D3,Centre,2015,82190,33.1,75.0,46.6,101405,7155,546,19938,5,27
Obala-D3,Centre,2016,25973,23.7,77.2,51.8,23344,3474,203,6155,1,8
Obala-D3,Centre,2017,18818,43.3,63.1,41.0,37611,2538,148,7784,1,6
Obala-D3,Centre,2018,63283,58.4,56.2,27.2,35828,4115,165,25620,4,21
Obala-D3,Centre,2019,89959,25.9,75.0,50.7,175088,21666,211,31379,5,29
Obala-D3,Centre,2020,59252,37.8,70.1,46.0,49058,6217,342,28450,3,19
Obala-D3,Centre,2021,63550,52.3,65.7,29.7,56925,4487,253,18100,4,21
Obala-D3,Centre,2022,38244,33.0,77.4,41.3,44722,6572,285,8146,2,12
Obala-D3,Centre,2023,33394,28.3,77.5,48.3,47667,6363,256,9612,2,11
Bertoua-D1,Est,2010,22716,52.2,49.3,36.3,43872,5057,155,5786,1,7
Bertoua-D1,Est,2011,99825,24.4,84.3,57.9,107334,13511,630,31190,6,33
Bertoua-D1,Est,2012,52895,48.0,64.9,24.6,88915,7845,281,14930,3,17
Bertoua-D1,Est,2013,55050,34.0,76.6,51.6,41278,3670,261,11695,3,18
Bertoua-D1,Est,2014,99604,43.5,69.2,44.9,120714,11139,350,27607,6,33
Bertoua-D1,Est,2015,67519,23.0,80.4,61.0,110047,6896,496,33658,4,22
Bertoua-D1,Est,2016,66854,26.5,75.6,51.4,52195,7602,425,33156,4,22
Bertoua-D1,Est,2017,74235,48.8,68.9,32.5,129966,8314,444,25899,4,24
Bertoua-D1,Est,2018,74905,42.5,61.6,42.2,85654,9229,417,19299,4,24
Bertoua-D1,Est,2019,71952,58.4,52.2,27.4,136973,9164,351,24810,4,23
Bertoua-D1,Est,2020,74580,33.7,72.2,47.5,109362,10757,576,17246,4,24
Bertoua-D1,Est,2021,38608,27.2,79.9,52.9,66890,5034,271,18999,2,12
Bertoua-D1,Est,2022,45725,21.0,80.2,67.3,83488,11804,283,17438,3,15
Bertoua-D1,Est,2023,33391,42.8,76.4,48.3,38850,2916,122,16229,2,11
Bertoua-D2,Est,2010,87848,41.8,60.1,42.1,98212,5239,463,18933,5,29
Bertoua-D2,Est,2011,95614,40.0,74.2,51.0,70608,4501,277,43584,6,31
Bertoua-D2,Est,2012,52028,52.8,58.0,31.5,62511,8943,221,24910,3,17
Bertoua-D2,Est,2013,99370,29.3,79.1,48.6,171386,25651,431,24645,6,33
Bertoua-D2,Est,2014,23957,20.2,81.9,53.8,46143,6316,184,8747,1,7
Bertoua-D2,Est,2015,48022,50.6,54.3,37.8,40688,2613,203,22503,3,16
Bertoua-D2,Est,2016,96306,54.7,58.1,33.6,124615,6595,257,32909,6,32
Bertoua-D2,Est,2017,81232,38.2,68.6,34.4,147429,15510,286,37697,5,27
Bertoua-D2,Est,2018,61032,36.5,68.2,56.1,37775,2346,295,17681,4,20
Bertoua-D2,Est,2019,58229,42.4,62.9,56.9,114425,9335,176,27038,3,19
Bertoua-D2,Est,2020,89783,44.6,63.2,39.9,140788,15181,432,29850,5,29
Bertoua-D2,Est,2021,70156,31.5,80.2,60.8,120886,12830,340,26412,4,23
Bertoua-D2,Est,2022,31973,41.5,67.0,41.9,16973,2115,196,13910,2,10
Bertoua-D2,Est,2023,11882,31.5,72.3,51.8,13231,1352,47,5190,1,5
Bertoua-D3,Est,2010,22757,31.6,78.8,52.5,29951,3772,170,10601,1,7
Bertoua-D3,Est,2011,17312,24.2,73.5,49.5,9785,1087,80,4689,1,5
Bertoua-D3,Est,2012,47518,50.1,63.9,44.2,54414,5483,96,15295,3,15
Bertoua-D3,Est,2013,28083,48.7,63.1,33.0,43680,2267,193,11021,1,9
Bertoua-D3,Est,2014,31233,47.1,53.1,41.7,61612,3808,185,9366,2,10
Bertoua-D3,Est,2015,10826,45.9,63.1,34.8,20417,1594,52,3683,1,5
Bertoua-D3,Est,2016,82656,49.2,63.9,34.1,137905,15040,539,40506,5,27
Bertoua-D3,Est,2017,71447,45.9,56.2,41.2,55710,6980,151,15561,4,23
Bertoua-D3,Est,2018,59147,28.5,78.0,54.4,40574,5293,218,14685,3,19
Bertoua-D3,Est,2019,74422,45.7,64.1,44.8,40403,3307,255,30882,4,24
Bertoua-D3,Est,2020,72006,33.2,74.6,50.0,68965,7735,436,25838,4,24
Bertoua-D3,Est,2021,51793,37.2,67.0,50.2,69037,6406,239,14833,3,17
Bertoua-D3,Est,2022,16641,33.1,69.1,56.9,27227,1408,83,7160,1,5
Bertoua-D3,Est,2023,71288,56.2,51.7,35.6,91265,5621,288,20058,4,23
Abong-Mbang-D1,Est,2010,76937,42.2,71.4,40.5,90844,11012,404,16517,5,25
Abong-Mbang-D1,Est,2011,73212,30.5,67.7,51.7,55885,5369,169,15227,4,24
Abong-Mbang-D1,Est,2012,96515,50.4,62.1,33.9,128595,7174,702,21551,6,32
Abong-Mbang-D1,Est,2013,24683,20.5,85.1,69.9,44214,6421,106,10677,1,8
Abong-Mbang-D1,Est,2014,11009,30.2,73.2,53.3,16963,2205,63,5420,1,5
Abong-Mbang-D1,Est,2015,15428,25.3,81.9,53.5,11674,915,116,4502,1,5
Abong-Mbang-D1,Est,2016,75673,26.2,76.7,59.8,40693,5625,518,28531,5,25
Abong-Mbang-D1,Est,2017,72012,23.3,83.6,57.6,75777,4160,444,28572,4,24
Abong-Mbang-D1,Est,2018,45154,32.5,72.3,55.6,72879,9761,256,14618,3,15
Abong-Mbang-D1,Est,2019,48914,52.3,59.2,23.1,78820,5948,348,17598,3,16
Abong-Mbang-D1,Est,2020,10808,51.6,62.1,27.1,5946,571,47,3399,1,5
Abong-Mbang-D1,Est,2021,12374,45.7,53.6,46.5,11078,635,41,4872,1,5
Abong-Mbang-D1,Est,2022,82834,47.5,69.4,46.6,130327,17452,270,17958,5,27
Abong-Mbang-D1,Est,2023,49146,44.3,70.2,40.5,71407,5231,135,18346,3,16
Abong-Mbang-D2,Est,2010,31379,32.5,69.6,49.8,61487,9130,135,9853,2,10
Abong-Mbang-D2,Est,2011,37548,32.7,65.0,48.9,34447,3274,192,11751,2,12
Abong-Mbang-D2,Est,2012,94506,37.0,71.9,47.4,129113,17537,241,38868,6,31
Abong-Mbang-D2,Est,2013,80647,45.0,57.1,43.9,57628,3845,196,23154,5,26
Abong-Mbang-D2,Est,2014,72501,37.5,79.4,51.6,118077,7758,392,14647,4,24
Abong-Mbang-D2,Est,2015,73778,33.0,74.5,41.2,50794,5063,374,16896,4,24
Abong-Mbang-D2,Est,2016,64259,46.8,57.5,41.8,96304,10827,421,23984,4,21
Abong-Mbang-D2,Est,2017,92454,28.1,74.3,55.7,88538,6005,448,30405,6,30
Abong-Mbang-D2,Est,2018,54917,48.9,52.4,37.8,71452,4155,277,20282,3,18
Abong-Mbang-D2,Est,2019,33408,34.9,73.2,47.0,57707,3748,139,10480,2,11
Abong-Mbang-D2,Est,2020,54470,46.0,69.7,43.7,100923,7075,333,25972,3,18
Abong-Mbang-D2,Est,2021,93730,28.8,82.1,57.0,125892,13089,257,35767,6,31
Abong-Mbang-D2,Est,2022,69375,39.1,80.4,40.7,90688,6793,486,29010,4,23
Abong-Mbang-D2,Est,2023,67775,49.9,68.1,41.5,126300,18875,230,13755,4,22
Abong-Mbang-D3,Est,2010,14337,56.9,57.2,23.8,12908,1678,76,3442,1,5
Abong-Mbang-D3,Est,2011,31995,53.8,58.5,36.1,25910,3015,169,12646,2,10
Abong-Mbang-D3,Est,2012,29900,31.5,74.8,45.6,59529,3246,109,7968,1,9
Abong-Mbang-D3,Est,2013,44821,53.7,56.2,31.0,75871,5385,317,21283,2,14
Abong-Mbang-D3,Est,2014,85888,53.5,67.4,41.3,169790,20231,666,39600,5,28
Abong-Mbang-D3,Est,2015,81242,47.3,54.5,34.4,115871,10912,460,39439,5,27
Abong-Mbang-D3,Est,2016,88103,21.6,87.6,56.5,84069,8127,533,29520,5,29
Abong-Mbang-D3,Est,2017,41855,58.7,48.8,34.1,51397,6117,229,12485,2,13
Abong-Mbang-D3,Est,2018,14328,53.8,61.8,35.9,20355,3001,112,4950,1,5
Abong-Mbang-D3,Est,2019,20514,46.9,56.3,34.5,14361,746,95,6837,1,6
Abong-Mbang-D3,Est,2020,65844,37.2,71.3,46.0,36511,4419,262,29759,4,21
Abong-Mbang-D3,Est,2021,70673,52.9,55.8,41.1,104044,5430,554,14594,4,23
Abong-Mbang-D3,Est,2022,96234,43.2,65.6,43.9,168729,22242,704,24976,6,32
Abong-Mbang-D3,Est,2023,38965,33.8,71.7,46.1,46476,4195,195,10525,2,12
Maroua-D1,Extrême-Nord,2010,53758,54.8,55.9,31.1,84486,7730,346,13040,3,17
Maroua-D1,Extrême-Nord,2011,19640,53.2,57.4,34.1,14950,1542,78,6557,1,6
Maroua-D1,Extrême-Nord,2012,13189,36.7,67.0,48.0,25316,1474,66,3184,1,5
Maroua-D1,Extrême-Nord,2013,96954,32.0,79.5,44.7,83499,8227,254,37650,6,32
Maroua-D1,Extrême-Nord,2014,65373,35.5,62.6,51.0,73659,9260,503,17290,4,21
Maroua-D1,Extrême-Nord,2015,50011,20.9,86.9,69.6,92552,11769,277,17054,3,16
Maroua-D1,Extrême-Nord,2016,90155,59.4,58.6,27.0,96921,6578,250,19497,6,30
Maroua-D1,Extrême-Nord,2017,73548,35.0,76.0,54.0,116164,14104,526,16798,4,24
Maroua-D1,Extrême-Nord,2018,17073,28.3,77.4,63.4,12943,1017,35,6460,1,5
Maroua-D1,Extrême-Nord,2019,36524,28.5,78.1,52.4,53775,5499,77,13648,2,12
Maroua-D1,Extrême-Nord,2020,19752,31.8,71.9,51.8,31412,3619,68,8696,1,6
Maroua-D1,Extrême-Nord,2021,48759,38.4,63.7,48.8,34384,4568,309,21855,3,16
Maroua-D1,Extrême-Nord,2022,32772,52.1,50.8,34.3,34610,2623,78,15116,2,10
Maroua-D1,Extrême-Nord,2023,94792,32.2,75.9,47.7,135825,7036,261,46047,6,31
Maroua-D2,Extrême-Nord,2010,75558,34.6,76.1,50.0,55306,8147,306,18773,5,25
Maroua-D2,Extrême-Nord,2011,12046,26.1,76.2,61.1,15264,1096,39,5160,1,5
Maroua-D2,Extrême-Nord,2012,27582,50.4,67.1,37.3,33852,5064,214,8675,1,9
Maroua-D2,Extrême-Nord,2013,85828,46.9,66.5,33.0,126113,14509,190,24298,5,28
Maroua-D2,Extrême-Nord,2014,96397,29.0,84.0,54.3,108952,9451,665,41311,6,32
Maroua-D2,Extrême-Nord,2015,97322,21.3,91.8,59.8,75239,4570,536,48122,6,32
Maroua-D2,Extrême-Nord,2016,15348,43.0,59.8,45.6,10833,663,34,7250,1,5
Maroua-D2,Extrême-Nord,2017,12388,48.0,61.5,41.1,9667,1118,79,4260,1,5
Maroua-D2,Extrême-Nord,2018,23023,48.6,61.6,40.0,13823,1481,87,8691,1,7
Maroua-D2,Extrême-Nord,2019,88185,58.1,48.3,26.2,125722,15502,425,23201,5,29
Maroua-D2,Extrême-Nord,2020,98960,26.5,81.0,56.0,146716,16757,691,21845,6,32
Maroua-D2,Extrême-Nord,2021,69318,23.9,89.8,49.1,128547,7543,411,21410,4,23
Maroua-D2,Extrême-Nord,2022,54076,30.9,74.7,51.2,52892,4709,390,23689,3,18
Maroua-D2,Extrême-Nord,2023,42401,30.0,72.0,69.3,23774,3343,236,10537,2,14
Maroua-D3,Extrême-Nord,2010,73652,42.4,65.0,43.4,102226,9339,449,22256,4,24
Maroua-D3,Extrême-Nord,2011,23210,42.0,71.0,39.5,41093,3186,118,5784,1,7
Maroua-D3,Extrême-Nord,2012,75076,44.5,58.7,34.6,67760,9126,150,17264,5,25
Maroua-D3,Extrême-Nord,2013,26076,29.1,83.0,51.0,50998,7210,108,11698,1,8
Maroua-D3,Extrême-Nord,2014,82419,40.4,77.3,41.2,152329,18001,241,40733,5,27
Maroua-D3,Extrême-Nord,2015,76543,55.5,59.8,34.9,80586,5993,601,35412,5,25
Maroua-D3,Extrême-Nord,2016,62692,41.5,67.8,48.7,77710,9486,204,19524,4,20
Maroua-D3,Extrême-Nord,2017,16886,25.2,86.1,57.7,10935,1435,96,4923,1,5
Maroua-D3,Extrême-Nord,2018,94037,39.8,65.1,48.6,53582,5077,252,19458,6,31
Maroua-D3,Extrême-Nord,2019,64156,30.7,73.0,56.1,66966,7612,360,23798,4,21
Maroua-D3,Extrême-Nord,2020,78947,55.7,49.7,32.9,40192,5265,308,27222,5,26
Maroua-D3,Extrême-Nord,2021,40699,39.6,74.0,45.9,72128,5796,226,19505,2,13
Maroua-D3,Extrême-Nord,2022,83727,51.0,54.7,34.9,155037,8946,240,17583,5,27
Maroua-D3,Extrême-Nord,2023,25411,38.5,59.2,48.0,15954,2342,57,10761,1,8
Kousséri-D1,Extrême-Nord,2010,79904,52.9,58.0,43.8,115360,14448,620,20037,5,26
Kousséri-D1,Extrême-Nord,2011,12082,40.4,69.7,47.8,23393,1507,37,4761,1,5
Kousséri-D1,Extrême-Nord,2012,33512,53.8,56.0,36.9,49666,3735,158,12006,2,11
Kousséri-D1,Extrême-Nord,2013,38227,40.4,60.6,43.3,46001,6821,149,11364,2,12
Kousséri-D1,Extrême-Nord,2014,49601,57.8,53.6,31.8,31903,3950,264,13040,3,16
Kousséri-D1,Extrême-Nord,2015,78700,43.8,59.5,43.8,111138,12978,380,36518,5,26
Kousséri-D1,Extrême-Nord,2016,50917,32.9,75.2,46.6,85321,5988,120,19186,3,16
Kousséri-D1,Extrême-Nord,2017,93075,20.6,78.5,67.8,56945,7818,564,22434,6,31
Kousséri-D1,Extrême-Nord,2018,99472,43.5,67.2,39.4,150325,10828,572,23810,6,33
Kousséri-D1,Extrême-Nord,2019,85041,45.3,67.6,41.7,64004,5490,676,37180,5,28
Kousséri-D1,Extrême-Nord,2020,27441,58.7,53.7,28.0,42946,4834,159,11525,1,9
Kousséri-D1,Extrême-Nord,2021,39854,21.3,85.8,64.8,20683,2641,215,14329,2,13
Kousséri-D1,Extrême-Nord,2022,32279,53.7,62.3,31.5,52326,3269,139,15953,2,10
Kousséri-D1,Extrême-Nord,2023,73889,39.2,62.5,47.0,37700,2439,163,23929,4,24
Kousséri-D2,Extrême-Nord,2010,80183,37.3,70.6,45.9,156741,8473,606,23055,5,26
Kousséri-D2,Extrême-Nord,2011,18102,41.4,67.3,38.2,26529,2409,87,8038,1,6
Kousséri-D2,Extrême-Nord,2012,31176,57.2,53.6,30.4,58033,6713,81,11747,2,10
Kousséri-D2,Extrême-Nord,2013,57507,37.2,77.0,40.0,88225,8119,261,25579,3,19
Kousséri-D2,Extrême-Nord,2014,18691,23.4,76.8,53.4,28802,2016,90,5705,1,6
Kousséri-D2,Extrême-Nord,2015,60907,28.1,83.8,55.9,120302,8543,197,19856,4,20
Kousséri-D2,Extrême-Nord,2016,17233,59.9,51.7,26.3,27945,2069,64,6719,1,5
Kousséri-D2,Extrême-Nord,2017,81063,46.6,65.5,44.8,156639,22159,372,39539,5,27
Kousséri-D2,Extrême-Nord,2018,98042,24.4,67.6,65.6,67258,5581,693,33213,6,32
Kousséri-D2,Extrême-Nord,2019,28832,51.1,60.6,38.2,31590,2435,112,6108,1,9
Kousséri-D2,Extrême-Nord,2020,23690,20.3,89.1,61.1,43988,3135,106,8019,1,7
Kousséri-D2,Extrême-Nord,2021,62193,46.8,58.0,32.4,104196,14402,125,28054,4,20
Kousséri-D2,Extrême-Nord,2022,44229,38.2,68.7,47.2,52255,2956,186,9125,2,14
Kousséri-D2,Extrême-Nord,2023,28924,29.6,73.2,58.9,23791,1954,223,6060,1,9
Kousséri-D3,Extrême-Nord,2010,37384,52.4,57.6,30.6,30587,2767,98,11758,2,12
Kousséri-D3,Extrême-Nord,2011,57335,27.5,80.9,50.9,95395,7853,306,21210,3,19
Kousséri-D3,Extrême-Nord,2012,91689,38.2,73.6,45.0,152898,20929,654,40746,6,30
Kousséri-D3,Extrême-Nord,2013,82410,27.0,71.6,59.3,108537,9319,371,24508,5,27
Kousséri-D3,Extrême-Nord,2014,96226,52.1,58.0,31.2,157182,14841,681,26006,6,32
Kousséri-D3,Extrême-Nord,2015,97320,40.5,72.8,44.0,92638,5558,417,48578,6,32
Kousséri-D3,Extrême-Nord,2016,69644,55.4,51.3,32.1,104366,9070,403,33646,4,23
Kousséri-D3,Extrême-Nord,2017,49693,26.3,76.1,51.8,61183,3714,163,11040,3,16
Kousséri-D3,Extrême-Nord,2018,63953,50.2,60.1,42.3,65759,5604,141,26940,4,21
Kousséri-D3,Extrême-Nord,2019,65216,49.2,53.6,41.1,35351,3119,502,26167,4,21
Kousséri-D3,Extrême-Nord,2020,61071,27.8,74.4,44.0,77324,10039,442,15289,4,20
Kousséri-D3,Extrême-Nord,2021,33764,24.3,76.1,57.1,37748,4342,217,8338,2,11
Kousséri-D3,Extrême-Nord,2022,47767,25.8,79.2,59.4,70642,9328,139,12285,3,15
Kousséri-D3,Extrême-Nord,2023,55949,45.7,67.5,42.5,103017,6254,412,23043,3,18
Mora-D1,Extrême-Nord,2010,54764,32.4,78.3,42.0,62051,7099,413,16242,3,18
Mora-D1,Extrême-Nord,2011,20075,44.9,63.8,47.3,10450,801,133,6705,1,6
Mora-D1,Extrême-Nord,2012,47275,22.2,77.8,56.9,87939,7665,99,9785,3,15
Mora-D1,Extrême-Nord,2013,15918,57.0,53.8,30.0,28410,3213,47,4438,1,5
Mora-D1,Extrême-Nord,2014,97480,54.1,52.3,32.7,89275,8227,323,41917,6,32
Mora-D1,Extrême-Nord,2015,35472,20.2,75.9,63.6,20768,2709,122,14090,2,11
Mora-D1,Extrême-Nord,2016,11324,34.5,79.8,46.1,13121,1309,79,2562,1,5
Mora-D1,Extrême-Nord,2017,90799,30.6,76.8,50.5,175116,25152,438,36768,6,30
Mora-D1,Extrême-Nord,2018,37502,35.0,72.0,50.1,54371,7753,190,12471,2,12
Mora-D1,Extrême-Nord,2019,93890,47.6,61.8,43.5,59738,3812,277,39172,6,31
Mora-D1,Extrême-Nord,2020,78441,36.3,71.9,48.7,58703,6305,606,31021,5,26
Mora-D1,Extrême-Nord,2021,24414,46.2,70.7,47.5,41661,4597,102,11662,1,8
Mora-D1,Extrême-Nord,2022,10022,22.9,85.6,59.2,10962,687,25,2904,1,5
Mora-D1,Extrême-Nord,2023,85422,55.5,59.1,31.6,57082,4853,244,24604,5,28
Mora-D2,Extrême-Nord,2010,55868,54.1,52.2,29.2,110420,12079,174,16605,3,18
Mora-D2,Extrême-Nord,2011,27953,23.6,80.8,64.4,36498,3065,113,13609,1,9
Mora-D2,Extrême-Nord,2012,40732,28.3,67.5,56.0,76218,6862,256,9049,2,13
Mora-D2,Extrême-Nord,2013,53804,60.0,52.8,23.5,41431,3320,291,26757,3,17
Mora-D2,Extrême-Nord,2014,55305,30.7,72.7,51.5,86110,4780,229,23536,3,18
Mora-D2,Extrême-Nord,2015,40434,36.4,66.1,44.2,40569,2110,217,14966,2,13
Mora-D2,Extrême-Nord,2016,57596,22.4,77.2,51.2,93778,7560,415,15194,3,19
Mora-D2,Extrême-Nord,2017,45645,35.2,74.6,49.7,63700,7358,134,19289,3,15
Mora-D2,Extrême-Nord,2018,25485,23.5,80.9,50.0,14218,2104,170,5910,1,8
Mora-D2,Extrême-Nord,2019,86376,38.7,69.6,37.9,115027,14446,331,27941,5,28
Mora-D2,Extrême-Nord,2020,28786,49.4,61.1,38.6,53083,4582,189,14330,1,9
Mora-D2,Extrême-Nord,2021,11469,33.0,62.6,43.2,12808,1397,82,2935,1,5
Mora-D2,Extrême-Nord,2022,25173,34.3,71.5,45.7,13949,1089,178,9404,1,8
Mora-D2,Extrême-Nord,2023,41275,45.3,62.6,33.4,55146,7608,248,10132,2,13
Mora-D3,Extrême-Nord,2010,87586,24.0,82.8,62.2,117861,8318,384,35061,5,29
Mora-D3,Extrême-Nord,2011,65532,26.5,80.8,54.1,41710,3166,146,17869,4,21
Mora-D3,Extrême-Nord,2012,72936,45.5,61.4,45.4,78280,10168,538,24498,4,24
Mora-D3,Extrême-Nord,2013,47061,51.0,50.1,32.1,61589,3758,291,11831,3,15
Mora-D3,Extrême-Nord,2014,68648,59.6,57.4,30.4,109626,7422,449,26368,4,22
Mora-D3,Extrême-Nord,2015,69082,53.2,56.3,39.3,135538,17960,432,31498,4,23
Mora-D3,Extrême-Nord,2016,33138,58.9,60.2,21.6,50200,4825,69,10832,2,11
Mora-D3,Extrême-Nord,2017,50278,20.8,91.1,58.3,31301,4646,249,18430,3,16
Mora-D3,Extrême-Nord,2018,16018,33.1,71.2,36.3,28043,1622,98,6232,1,5
Mora-D3,Extrême-Nord,2019,83104,28.9,72.6,57.7,83278,5494,172,25247,5,27
Mora-D3,Extrême-Nord,2020,71741,39.9,74.6,52.6,91836,10433,165,28054,4,23
Mora-D3,Extrême-Nord,2021,37972,21.1,86.3,50.3,70280,7750,133,9038,2,12
Mora-D3,Extrême-Nord,2022,61410,40.2,67.0,44.8,109262,14545,489,26690,4,20
Mora-D3,Extrême-Nord,2023,66013,43.7,61.6,39.2,44985,4508,390,25775,4,22
Douala-D1,Littoral,2010,26185,23.9,80.7,56.9,30087,3823,118,11377,1,8
Douala-D1,Littoral,2011,57964,20.3,87.8,60.5,35925,3471,230,18902,3,19
Douala-D1,Littoral,2012,73567,37.1,74.9,33.7,43218,4178,273,28377,4,24
Douala-D1,Littoral,2013,92228,41.3,64.5,42.0,57068,3028,542,19771,6,30
Douala-D1,Littoral,2014,89160,58.9,64.4,30.8,68172,7075,266,31161,5,29
Douala-D1,Littoral,2015,97161,41.1,68.1,42.9,62057,6181,759,29804,6,32
Douala-D1,Littoral,2016,37170,57.6,45.0,26.0,56409,3202,271,15692,2,12
Douala-D1,Littoral,2017,42793,23.1,85.1,69.6,56055,5549,164,18072,2,14
Douala-D1,Littoral,2018,40839,47.1,65.2,36.7,33915,2709,101,19821,2,13
Douala-D1,Littoral,2019,48679,42.7,66.2,41.0,52626,2764,249,23498,3,16
Douala-D1,Littoral,2020,87137,50.9,63.0,29.2,78926,8764,667,26101,5,29
Douala-D1,Littoral,2021,81931,46.8,64.2,34.7,55622,4737,221,39196,5,27
Douala-D1,Littoral,2022,70720,20.2,85.3,68.9,46216,6661,361,28851,4,23
Douala-D1,Littoral,2023,50380,56.7,55.3,29.7,51900,3996,130,10123,3,16
Douala-D2,Littoral,2010,21352,25.7,73.3,56.5,12323,1655,160,9475,1,7
Douala-D2,Littoral,2011,22481,28.3,76.4,58.0,22729,3160,127,11194,1,7
Douala-D2,Littoral,2012,65678,47.4,71.1,43.7,76612,9799,207,18939,4,21
Douala-D2,Littoral,2013,82607,20.3,86.7,49.6,112442,13133,464,21440,5,27
Douala-D2,Littoral,2014,33726,35.6,70.8,52.2,55149,3592,144,13977,2,11
Douala-D2,Littoral,2015,26675,25.2,70.4,57.9,42149,2258,79,5796,1,8
Douala-D2,Littoral,2016,86100,32.1,75.3,47.8,76732,10807,253,33208,5,28
Douala-D2,Littoral,2017,51021,58.8,49.3,29.1,35603,2464,108,12239,3,17
Douala-D2,Littoral,2018,44592,41.7,65.0,43.1,24547,2636,213,12335,2,14
Douala-D2,Littoral,2019,36967,55.6,48.3,25.0,41213,5614,191,14850,2,12
Douala-D2,Littoral,2020,60406,58.9,51.6,21.7,80293,10246,364,23328,4,20
Douala-D2,Littoral,2021,25543,22.2,81.8,59.9,40029,2611,59,5731,1,8
Douala-D2,Littoral,2022,97082,32.6,83.6,47.9,65287,5364,508,23052,6,32
Douala-D2,Littoral,2023,43760,48.1,63.7,41.4,23005,3296,125,13353,2,14
Douala-D3,Littoral,2010,97369,21.1,83.1,63.0,65134,8141,384,31445,6,32
Douala-D3,Littoral,2011,95559,56.4,57.6,30.0,154150,22194,598,34441,6,31
Douala-D3,Littoral,2012,22113,32.3,76.3,43.3,33045,4261,74,9805,1,7
Douala-D3,Littoral,2013,24996,23.6,75.2,55.7,28426,2373,149,7244,1,8
Douala-D3,Littoral,2014,84248,41.6,62.4,46.2,149667,9444,433,33470,5,28
Douala-D3,Littoral,2015,95037,37.1,62.2,55.1,127925,16701,753,46024,6,31
Douala-D3,Littoral,2016,77223,30.2,77.6,47.5,100544,5912,376,17802,5,25
Douala-D3,Littoral,2017,49616,42.9,68.4,45.9,74043,10901,249,14124,3,16
Douala-D3,Littoral,2018,59085,47.5,68.7,35.5,45761,4131,149,26425,3,19
Douala-D3,Littoral,2019,97332,39.8,61.0,41.0,168486,22677,257,45130,6,32
Douala-D3,Littoral,2020,65927,29.4,83.0,48.8,51570,4278,373,18412,4,21
Douala-D3,Littoral,2021,20132,49.7,59.9,32.4,29025,3690,114,4173,1,6
Douala-D3,Littoral,2022,21777,44.8,67.1,36.7,14565,1465,114,4579,1,7
Douala-D3,Littoral,2023,76431,57.9,47.6,29.6,113650,12605,570,35685,5,25
Nkongsamba-D1,Littoral,2010,29804,22.2,81.5,67.1,25529,2879,200,7589,1,9
Nkongsamba-D1,Littoral,2011,19702,35.8,61.0,50.3,22381,2146,79,8771,1,6
Nkongsamba-D1,Littoral,2012,88346,36.5,70.7,36.8,160274,23957,384,20535,5,29
Nkongsamba-D1,Littoral,2013,98547,59.7,48.3,21.5,169188,13071,688,25984,6,32
Nkongsamba-D1,Littoral,2014,80289,58.6,55.6,28.1,151130,19464,580,27326,5,26
Nkongsamba-D1,Littoral,2015,77105,35.8,64.7,49.9,124849,11285,484,33756,5,25
Nkongsamba-D1,Littoral,2016,83659,25.2,77.7,48.6,132701,11618,182,30922,5,27
Nkongsamba-D1,Littoral,2017,46104,54.3,54.4,24.5,69843,6994,285,19960,3,15
Nkongsamba-D1,Littoral,2018,79444,43.9,67.1,45.9,63723,6255,216,27689,5,26
Nkongsamba-D1,Littoral,2019,15542,40.2,70.7,33.5,26950,4017,58,3335,1,5
Nkongsamba-D1,Littoral,2020,82864,29.0,70.3,50.5,139497,19050,293,20158,5,27
Nkongsamba-D1,Littoral,2021,81105,56.1,59.6,28.9,47438,2487,286,37948,5,27
Nkongsamba-D1,Littoral,2022,74493,57.2,62.5,29.2,78945,4429,261,28144,4,24
Nkongsamba-D1,Littoral,2023,56221,21.5,91.0,63.8,49178,6024,376,23537,3,18
Nkongsamba-D2,Littoral,2010,23944,22.6,78.2,54.7,23869,3414,120,11539,1,7
Nkongsamba-D2,Littoral,2011,46793,37.9,77.9,50.3,58399,6685,302,17673,3,15
Nkongsamba-D2,Littoral,2012,98436,57.8,53.1,29.9,55847,7905,304,47479,6,32
Nkongsamba-D2,Littoral,2013,95095,44.2,62.5,47.5,168153,18859,654,40493,6,31
Nkongsamba-D2,Littoral,2014,12177,24.2,80.8,63.5,21269,1425,55,3918,1,5
Nkongsamba-D2,Littoral,2015,82483,34.6,69.2,50.8,154632,21563,577,26266,5,27
Nkongsamba-D2,Littoral,2016,49838,45.5,62.6,45.5,90916,11139,180,24651,3,16
Nkongsamba-D2,Littoral,2017,84242,47.2,65.4,35.6,92458,5747,197,22226,5,28
Nkongsamba-D2,Littoral,2018,92966,20.3,84.0,59.1,133937,8798,446,44426,6,30
Nkongsamba-D2,Littoral,2019,99407,34.4,75.0,43.7,85861,6575,704,21710,6,33
Nkongsamba-D2,Littoral,2020,90232,50.8,62.6,45.8,63604,8338,375,18321,6,30
Nkongsamba-D2,Littoral,2021,60107,23.1,87.9,63.1,53123,5978,439,17244,4,20
Nkongsamba-D2,Littoral,2022,85133,30.2,75.8,53.7,118530,8344,458,18716,5,28
Nkongsamba-D2,Littoral,2023,96776,28.8,72.9,57.4,193134,27433,326,37792,6,32
Nkongsamba-D3,Littoral,2010,76931,53.1,50.0,21.3,114889,11333,520,25612,5,25
Nkongsamba-D3,Littoral,2011,23930,31.6,74.7,49.6,38178,2567,111,9955,1,7
Nkongsamba-D3,Littoral,2012,79714,57.2,46.1,24.0,103486,5740,489,28896,5,26
Nkongsamba-D3,Littoral,2013,63360,48.0,65.5,35.8,124629,14808,492,23883,4,21
Nkongsamba-D3,Littoral,2014,43902,20.7,79.4,61.9,62795,8857,117,17260,2,14
Nkongsamba-D3,Littoral,2015,96141,35.4,78.5,56.1,80682,5575,415,44344,6,32
Nkongsamba-D3,Littoral,2016,67277,39.4,66.6,41.8,109145,9710,330,25504,4,22
Nkongsamba-D3,Littoral,2017,87815,58.9,45.4,24.1,52192,7611,531,33528,5,29
Nkongsamba-D3,Littoral,2018,90360,37.7,69.2,50.9,141313,19494,231,23998,6,30
Nkongsamba-D3,Littoral,2019,55715,42.0,74.4,42.8,83671,8339,234,19100,3,18
Nkongsamba-D3,Littoral,2020,22586,22.6,76.5,56.9,24621,2613,178,5712,1,7
Nkongsamba-D3,Littoral,2021,48383,34.5,72.5,45.4,44959,3503,303,20035,3,16
Nkongsamba-D3,Littoral,2022,12837,37.0,68.9,47.3,18772,2656,68,5898,1,5
Nkongsamba-D3,Littoral,2023,64598,47.2,64.4,34.8,98292,13767,198,23835,4,21
Edéa-D1,Littoral,2010,61313,55.6,55.0,35.7,86620,9249,219,14419,4,20
Edéa-D1,Littoral,2011,11609,37.1,70.6,37.0,14755,1025,87,5109,1,5
Edéa-D1,Littoral,2012,61426,34.6,70.4,45.8,75031,3889,153,12289,4,20
Edéa-D1,Littoral,2013,25127,26.7,74.3,58.0,43857,5558,57,11932,1,8
Edéa-D1,Littoral,2014,52357,51.1,61.8,36.8,40103,5369,152,25181,3,17
Edéa-D1,Littoral,2015,70157,43.3,66.9,35.3,114849,16474,191,14296,4,23
Edéa-D1,Littoral,2016,61244,35.9,65.1,49.4,111031,14421,141,23055,4,20
Edéa-D1,Littoral,2017,54872,28.2,82.6,63.3,49198,5926,424,14161,3,18
Edéa-D1,Littoral,2018,14516,38.4,71.9,46.3,15121,1389,67,6138,1,5
Edéa-D1,Littoral,2019,79637,29.5,60.0,59.8,146582,21870,173,27104,5,26
Edéa-D1,Littoral,2020,88075,52.9,57.1,21.9,74067,7973,266,34571,5,29
Edéa-D1,Littoral,2021,78947,35.2,72.6,39.9,54863,4850,546,35213,5,26
Edéa-D1,Littoral,2022,98824,32.6,66.3,50.1,106269,10019,518,48094,6,32
Edéa-D1,Littoral,2023,36885,28.5,76.1,54.6,32299,2577,236,17802,2,12
Edéa-D2,Littoral,2010,13526,36.1,70.2,50.1,22536,1326,87,5395,1,5
Edéa-D2,Littoral,2011,94255,27.5,83.8,56.6,101220,6409,491,35313,6,31
Edéa-D2,Littoral,2012,45128,52.4,58.7,31.8,47553,2844,291,11535,3,15
Edéa-D2,Littoral,2013,78940,53.9,52.9,26.4,129419,18251,178,35118,5,26
Edéa-D2,Littoral,2014,69182,25.9,78.9,51.6,73007,9299,311,22209,4,23
Edéa-D2,Littoral,2015,65286,39.5,73.7,41.3,85839,6302,193,22876,4,21
Edéa-D2,Littoral,2016,27935,56.2,59.0,27.8,43067,2216,199,12332,1,9
Edéa-D2,Littoral,2017,78091,30.6,76.8,46.1,109552,7456,173,22454,5,26
Edéa-D2,Littoral,2018,49840,58.6,47.9,24.0,69942,8069,358,23022,3,16
Edéa-D2,Littoral,2019,68026,43.6,60.2,41.9,112237,12687,157,23597,4,22
Edéa-D2,Littoral,2020,40266,42.2,68.9,45.2,74950,6184,175,19263,2,13
Edéa-D2,Littoral,2021,29021,57.9,55.5,25.3,29349,2009,150,11045,1,9
Edéa-D2,Littoral,2022,28247,24.0,90.2,56.1,20091,2277,126,6760,1,9
Edéa-D2,Littoral,2023,40056,37.6,59.7,44.0,77311,10208,166,18193,2,13
Edéa-D3,Littoral,2010,52731,40.4,73.4,44.0,41991,2765,127,12427,3,17
Edéa-D3,Littoral,2011,16122,26.9,70.1,51.7,12591,1778,69,7640,1,5
Edéa-D3,Littoral,2012,37426,47.8,56.2,44.7,44643,4444,169,17735,2,12
Edéa-D3,Littoral,2013,84010,47.0,62.0,45.6,157154,21832,625,40910,5,28
Edéa-D3,Littoral,2014,33662,51.7,61.7,38.6,55037,7664,132,9281,2,11
Edéa-D3,Littoral,2015,65611,32.0,86.2,56.6,35230,2221,499,16077,4,21
Edéa-D3,Littoral,2016,80193,38.1,76.9,52.7,106356,12631,541,20015,5,26
Edéa-D3,Littoral,2017,95650,40.6,68.3,46.1,72213,6430,625,33607,6,31
Edéa-D3,Littoral,2018,65570,42.5,65.7,38.4,130788,13913,341,26816,4,21
Edéa-D3,Littoral,2019,35690,35.7,70.1,51.6,25714,1883,150,16317,2,11
Edéa-D3,Littoral,2020,28471,40.9,64.9,43.9,38162,2781,101,13195,1,9
Edéa-D3,Littoral,2021,25016,37.8,71.4,44.3,38575,3599,134,7396,1,8
Edéa-D3,Littoral,2022,99593,41.5,61.3,48.0,53535,3727,727,29778,6,33
Edéa-D3,Littoral,2023,73112,32.4,72.7,60.1,144954,14092,572,25268,4,24
Garoua-D1,Nord,2010,70913,48.1,66.1,29.2,139787,12038,197,23861,4,23
Garoua-D1,Nord,2011,34615,52.4,59.1,32.0,44758,5094,108,7436,2,11
Garoua-D1,Nord,2012,55248,50.9,64.9,38.5,34388,4269,339,21059,3,18
Garoua-D1,Nord,2013,77252,33.1,69.0,52.1,63606,7591,368,28606,5,25
Garoua-D1,Nord,2014,27323,42.2,69.0,38.3,31431,4478,158,10252,1,9
Garoua-D1,Nord,2015,57599,25.1,79.2,62.8,112530,14049,457,17097,3,19
Garoua-D1,Nord,2016,16226,33.6,72.5,56.4,10189,1508,99,7384,1,5
Garoua-D1,Nord,2017,91913,28.6,79.4,45.1,104362,11157,431,21030,6,30
Garoua-D1,Nord,2018,69509,57.9,48.2,29.1,106566,10591,206,16828,4,23
Garoua-D1,Nord,2019,54706,53.6,65.7,27.5,89515,10344,271,17699,3,18
Garoua-D1,Nord,2020,87144,56.8,53.4,26.2,143637,17476,508,21799,5,29
Garoua-D1,Nord,2021,65427,42.9,63.2,46.8,72267,4286,201,22849,4,21
Garoua-D1,Nord,2022,18447,21.0,81.6,67.3,28800,4305,106,7714,1,6
Garoua-D1,Nord,2023,78914,50.4,60.4,34.8,69260,4591,524,21323,5,26
Garoua-D2,Nord,2010,39935,49.7,63.4,34.8,51870,4804,133,8005,2,13
Garoua-D2,Nord,2011,17173,55.7,50.4,26.1,19375,2489,74,3862,1,5
Garoua-D2,Nord,2012,75361,31.0,74.2,58.0,69699,5851,230,19780,5,25
Garoua-D2,Nord,2013,19236,24.1,74.3,54.3,15914,1253,50,6289,1,6
Garoua-D2,Nord,2014,78539,21.4,90.9,56.4,137099,20402,368,36408,5,26
Garoua-D2,Nord,2015,41203,37.4,70.6,43.7,27450,2051,323,17258,2,13
Garoua-D2,Nord,2016,26486,22.5,83.5,54.9,43421,5703,78,12105,1,8
Garoua-D2,Nord,2017,32062,47.2,66.9,40.2,34876,5152,114,10572,2,10
Garoua-D2,Nord,2018,57205,40.0,55.7,47.3,88361,10453,323,11464,3,19
Garoua-D2,Nord,2019,85695,21.0,80.4,55.9,47085,6373,347,41457,5,28
Garoua-D2,Nord,2020,79210,46.2,63.4,29.1,89409,9710,317,28176,5,26
Garoua-D2,Nord,2021,44358,48.0,61.5,34.4,28218,1568,290,18334,2,14
Garoua-D2,Nord,2022,50854,37.0,72.8,44.8,29068,3290,323,14110,3,16
Garoua-D2,Nord,2023,92912,34.3,73.8,51.7,131568,15052,629,43211,6,30
Garoua-D3,Nord,2010,62654,30.7,76.4,55.3,84273,10021,290,24485,4,20
Garoua-D3,Nord,2011,14327,43.4,65.6,40.3,25874,2586,97,3049,1,5
Garoua-D3,Nord,2012,85166,47.7,58.4,39.2,168543,11922,384,21779,5,28
Garoua-D3,Nord,2013,77545,23.8,76.1,58.8,114770,15786,551,34635,5,25
Garoua-D3,Nord,2014,83758,44.6,62.5,40.1,139047,12529,525,25473,5,27
Garoua-D3,Nord,2015,51703,55.4,53.7,31.5,80864,8290,186,19674,3,17
Garoua-D3,Nord,2016,62938,30.8,73.1,55.7,75638,6000,208,14853,4,20
Garoua-D3,Nord,2017,75910,40.4,79.7,47.6,96597,12174,177,35609,5,25
Garoua-D3,Nord,2018,67854,46.6,62.6,44.5,70900,8821,183,15425,4,22
Garoua-D3,Nord,2019,64795,49.1,64.6,36.0,68789,4388,154,16645,4,21
Garoua-D3,Nord,2020,34942,23.4,88.8,53.2,32727,1657,186,12485,2,11
Garoua-D3,Nord,2021,62361,20.4,89.1,65.0,56430,8317,310,12991,4,20
Garoua-D3,Nord,2022,96097,22.2,85.4,55.3,105168,5295,631,28337,6,32
Garoua-D3,Nord,2023,90395,59.9,48.0,25.2,57142,8485,687,29891,6,30
Guider-D1,Nord,2010,32848,21.3,90.6,56.2,64202,5312,183,13693,2,10
Guider-D1,Nord,2011,45725,55.4,46.0,26.2,58013,3238,196,11970,3,15
Guider-D1,Nord,2012,21522,37.3,75.3,46.2,34965,4488,84,7636,1,7
Guider-D1,Nord,2013,44955,59.3,51.5,33.7,63811,8671,94,19450,2,14
Guider-D1,Nord,2014,83529,50.8,66.7,35.4,73636,5568,260,25354,5,27
Guider-D1,Nord,2015,83047,39.8,67.7,42.9,47938,6271,548,35001,5,27
Guider-D1,Nord,2016,69079,33.6,64.5,51.8,88278,7398,376,27371,4,23
Guider-D1,Nord,2017,36244,21.2,78.8,59.8,49625,3358,108,15014,2,12
Guider-D1,Nord,2018,64763,20.8,88.6,62.5,93054,7252,375,24625,4,21
Guider-D1,Nord,2019,46248,51.1,64.9,36.3,47936,2562,314,22369,3,15
Guider-D1,Nord,2020,19519,27.0,65.8,52.6,16366,1869,57,6287,1,6
Guider-D1,Nord,2021,37779,52.1,59.9,33.5,20625,1213,185,15858,2,12
Guider-D1,Nord,2022,92254,28.7,75.2,50.1,127728,17605,288,31100,6,30
Guider-D1,Nord,2023,33417,43.0,66.9,45.8,34623,2337,220,9843,2,11
Guider-D2,Nord,2010,34349,27.1,82.0,53.0,45640,4003,257,11116,2,11
Guider-D2,Nord,2011,79609,57.0,57.8,33.3,134819,15463,504,38970,5,26
Guider-D2,Nord,2012,49675,40.4,72.5,45.0,81720,11715,177,11191,3,16
Guider-D2,Nord,2013,74553,47.6,52.4,42.8,89515,8572,327,36335,4,24
Guider-D2,Nord,2014,90091,20.5,84.4,63.2,167934,20889,188,40049,6,30
Guider-D2,Nord,2015,68475,46.9,66.4,36.9,112002,6609,249,33498,4,22
Guider-D2,Nord,2016,99692,38.1,71.1,42.4,137698,20086,697,22538,6,33
Guider-D2,Nord,2017,46191,29.5,78.9,58.8,39850,3701,107,9891,3,15
Guider-D2,Nord,2018,66810,44.1,63.0,46.9,113446,7120,479,20981,4,22
Guider-D2,Nord,2019,39482,34.1,73.9,47.7,21984,2031,113,11708,2,13
Guider-D2,Nord,2020,29353,42.1,59.5,38.8,39505,4234,190,9267,1,9
Guider-D2,Nord,2021,31590,46.9,63.6,41.8,44064,3185,241,11748,2,10
Guider-D2,Nord,2022,18720,31.0,78.5,52.0,20340,2688,49,7946,1,6
Guider-D2,Nord,2023,54627,41.8,58.7,35.5,73277,5115,336,12550,3,18
Guider-D3,Nord,2010,41630,29.9,72.6,59.6,23017,2837,317,10470,2,13
Guider-D3,Nord,2011,43045,21.7,93.9,61.0,70693,10556,154,15266,2,14
Guider-D3,Nord,2012,88525,36.4,64.9,41.5,72346,9547,532,34031,5,29
Guider-D3,Nord,2013,17546,38.4,70.9,44.7,11978,653,49,4052,1,5
Guider-D3,Nord,2014,42865,55.1,59.5,36.9,82082,9291,305,19187,2,14
Guider-D3,Nord,2015,90204,37.9,73.9,40.6,52496,4092,417,28337,6,30
Guider-D3,Nord,2016,19792,39.3,69.7,45.1,34521,4819,123,4075,1,6
Guider-D3,Nord,2017,79884,34.7,82.6,55.6,117180,14578,631,21331,5,26
Guider-D3,Nord,2018,65258,32.0,73.0,49.9,111378,15322,464,25156,4,21
Guider-D3,Nord,2019,10771,37.0,72.3,45.9,11903,1374,27,4263,1,5
Guider-D3,Nord,2020,53202,24.0,80.7,51.7,105960,11203,350,20231,3,17
Guider-D3,Nord,2021,72193,46.9,60.1,22.8,74897,7639,335,35561,4,24
Guider-D3,Nord,2022,34629,29.1,82.0,59.9,52322,5628,235,16836,2,11
Guider-D3,Nord,2023,64648,45.8,62.8,41.9,101060,11019,363,13194,4,21
Bamenda-D1,Nord-Ouest,2010,56453,50.6,54.2,34.2,61458,6834,119,16563,3,18
Bamenda-D1,Nord-Ouest,2011,41127,31.6,75.3,60.4,63780,8849,210,19124,2,13
Bamenda-D1,Nord-Ouest,2012,69344,48.9,57.9,30.9,53656,3521,360,15366,4,23
Bamenda-D1,Nord-Ouest,2013,52288,42.6,70.6,29.4,61644,7546,276,20798,3,17
Bamenda-D1,Nord-Ouest,2014,45444,54.1,60.8,37.6,29277,4187,203,10122,3,15
Bamenda-D1,Nord-Ouest,2015,89214,59.5,43.5,24.4,130196,11788,570,22972,5,29
Bamenda-D1,Nord-Ouest,2016,34499,51.1,55.7,35.9,46168,2831,108,16786,2,11
Bamenda-D1,Nord-Ouest,2017,46957,51.2,51.6,33.1,26341,3439,281,10832,3,15
Bamenda-D1,Nord-Ouest,2018,56315,49.9,61.5,39.4,93453,6817,343,22672,3,18
Bamenda-D1,Nord-Ouest,2019,62062,52.9,50.5,34.9,72042,5600,465,30696,4,20
Bamenda-D1,Nord-Ouest,2020,23334,46.9,63.6,31.0,25504,2095,132,5470,1,7
Bamenda-D1,Nord-Ouest,2021,11244,41.2,60.8,49.9,15804,2109,60,2395,1,5
Bamenda-D1,Nord-Ouest,2022,93375,47.2,63.4,39.2,160767,14479,739,24521,6,31
Bamenda-D1,Nord-Ouest,2023,89321,38.0,73.9,47.1,101429,5588,442,28543,5,29
Bamenda-D2,Nord-Ouest,2010,95882,32.2,75.4,41.5,88331,7780,746,36150,6,31
Bamenda-D2,Nord-Ouest,2011,37713,34.7,65.4,52.5,37909,5127,114,11618,2,12
Bamenda-D2,Nord-Ouest,2012,82071,21.9,80.7,60.5,96343,10441,197,24593,5,27
Bamenda-D2,Nord-Ouest,2013,12582,30.1,75.3,42.3,14850,824,43,5896,1,5
Bamenda-D2,Nord-Ouest,2014,92582,45.9,66.1,38.5,137306,17042,673,19302,6,30
Bamenda-D2,Nord-Ouest,2015,14392,37.7,66.9,53.3,28037,3252,98,4531,1,5
Bamenda-D2,Nord-Ouest,2016,76179,21.1,83.8,58.7,100234,13632,456,16289,5,25
Bamenda-D2,Nord-Ouest,2017,85484,35.6,77.8,42.6,104082,7742,478,36942,5,28
Bamenda-D2,Nord-Ouest,2018,27896,56.8,64.4,29.7,20320,1099,182,10613,1,9
Bamenda-D2,Nord-Ouest,2019,67572,32.4,70.1,43.4,131473,11219,473,30795,4,22
Bamenda-D2,Nord-Ouest,2020,28743,23.4,74.8,49.4,16939,1865,204,8338,1,9
Bamenda-D2,Nord-Ouest,2021,93334,30.8,86.3,53.3,134046,10642,737,22714,6,31
Bamenda-D2,Nord-Ouest,2022,35057,36.3,68.0,55.4,39481,3953,173,11056,2,11
Bamenda-D2,Nord-Ouest,2023,44679,45.0,68.9,36.5,62940,5386,320,19221,2,14
Bamenda-D3,Nord-Ouest,2010,17419,59.5,41.0,26.2,18428,2071,43,3945,1,5
Bamenda-D3,Nord-Ouest,2011,80092,28.0,75.0,55.4,94974,11983,433,37598,5,26
Bamenda-D3,Nord-Ouest,2012,65430,23.0,88.6,60.2,125572,10727,419,25889,4,21
Bamenda-D3,Nord-Ouest,2013,91923,40.2,63.6,45.6,140550,16357,389,23870,6,30
Bamenda-D3,Nord-Ouest,2014,87122,48.8,58.9,34.6,157755,23624,564,31113,5,29
Bamenda-D3,Nord-Ouest,2015,94997,42.1,64.3,45.2,149894,11326,668,45476,6,31
Bamenda-D3,Nord-Ouest,2016,97267,29.1,77.4,55.7,182383,22103,535,41731,6,32
Bamenda-D3,Nord-Ouest,2017,23783,24.5,73.8,55.4,16447,1753,150,7345,1,7
Bamenda-D3,Nord-Ouest,2018,35013,58.1,57.2,30.3,24352,3015,256,14129,2,11
Bamenda-D3,Nord-Ouest,2019,81038,40.0,68.0,35.8,54960,7845,322,33631,5,27
Bamenda-D3,Nord-Ouest,2020,60578,27.2,77.2,59.5,33501,4290,124,29058,4,20
Bamenda-D3,Nord-Ouest,2021,16027,27.5,75.6,51.8,27757,2714,66,5266,1,5
Bamenda-D3,Nord-Ouest,2022,61112,35.0,73.2,47.6,121498,8517,316,15809,4,20
Bamenda-D3,Nord-Ouest,2023,16822,21.0,82.6,63.5,24590,1541,96,5699,1,5
Kumbo-D1,Nord-Ouest,2010,25259,38.0,68.1,45.2,47404,3429,104,10220,1,8
Kumbo-D1,Nord-Ouest,2011,77932,35.9,78.1,51.4,74816,5189,324,38270,5,25
Kumbo-D1,Nord-Ouest,2012,90899,35.3,73.4,48.5,76100,6751,183,28996,6,30
Kumbo-D1,Nord-Ouest,2013,82511,55.6,52.2,26.3,78213,10543,380,22443,5,27
Kumbo-D1,Nord-Ouest,2014,62984,38.6,68.5,44.4,85167,11525,387,19249,4,20
Kumbo-D1,Nord-Ouest,2015,78086,38.4,62.5,47.6,53183,6662,460,38570,5,26
Kumbo-D1,Nord-Ouest,2016,25527,25.0,75.2,57.8,46375,6940,90,12567,1,8
Kumbo-D1,Nord-Ouest,2017,20633,39.3,75.8,57.0,22656,1769,73,8674,1,6
Kumbo-D1,Nord-Ouest,2018,28423,41.8,66.0,51.5,54379,6474,163,7169,1,9
Kumbo-D1,Nord-Ouest,2019,52382,32.9,69.0,47.3,43090,6403,381,24529,3,17
Kumbo-D1,Nord-Ouest,2020,31636,35.7,77.2,45.8,29661,4116,205,9750,2,10
Kumbo-D1,Nord-Ouest,2021,93021,23.5,76.4,63.5,182753,12381,234,28059,6,31
Kumbo-D1,Nord-Ouest,2022,86718,27.4,76.3,54.8,75220,6913,623,17644,5,28
Kumbo-D1,Nord-Ouest,2023,84785,24.3,83.6,57.4,150820,12161,410,37172,5,28
Kumbo-D2,Nord-Ouest,2010,38164,40.9,52.8,49.0,25247,3711,224,12969,2,12
Kumbo-D2,Nord-Ouest,2011,30492,51.7,59.2,28.3,19865,1599,184,11404,2,10
Kumbo-D2,Nord-Ouest,2012,14024,29.3,76.5,54.0,26842,3802,54,5586,1,5
Kumbo-D2,Nord-Ouest,2013,49547,29.1,70.5,52.9,39584,3924,160,11187,3,16
Kumbo-D2,Nord-Ouest,2014,53473,55.5,56.5,24.4,45219,4664,203,26639,3,17
Kumbo-D2,Nord-Ouest,2015,89258,30.2,87.2,45.7,129606,6596,676,18104,5,29
Kumbo-D2,Nord-Ouest,2016,60849,55.8,50.1,35.3,57966,3751,393,23899,4,20
Kumbo-D2,Nord-Ouest,2017,60851,45.2,62.2,42.5,56446,5885,420,15559,4,20
Kumbo-D2,Nord-Ouest,2018,24187,21.0,82.5,64.7,27723,3122,59,9644,1,8
Kumbo-D2,Nord-Ouest,2019,11639,34.4,73.2,50.2,15466,1753,79,3099,1,5
Kumbo-D2,Nord-Ouest,2020,58059,40.1,55.6,43.2,46730,3913,385,15199,3,19
Kumbo-D2,Nord-Ouest,2021,16099,22.6,86.9,53.6,30612,2875,84,3891,1,5
Kumbo-D2,Nord-Ouest,2022,48535,31.9,70.6,46.6,53396,4222,161,10517,3,16
Kumbo-D2,Nord-Ouest,2023,62674,38.7,75.2,39.7,51590,5867,350,23743,4,20
Kumbo-D3,Nord-Ouest,2010,39785,57.6,55.8,24.7,35163,3762,170,19158,2,13
Kumbo-D3,Nord-Ouest,2011,35545,50.5,65.6,34.8,60360,6080,92,12508,2,11
Kumbo-D3,Nord-Ouest,2012,27806,26.4,70.3,50.0,16312,1191,196,7343,1,9
Kumbo-D3,Nord-Ouest,2013,11727,23.3,88.4,63.8,21005,1663,25,4543,1,5
Kumbo-D3,Nord-Ouest,2014,80685,56.8,55.4,27.7,86267,12066,228,34918,5,26
Kumbo-D3,Nord-Ouest,2015,60909,34.2,67.5,55.5,60333,5207,192,26267,4,20
Kumbo-D3,Nord-Ouest,2016,65297,21.3,77.6,56.9,77552,10830,457,25154,4,21
Kumbo-D3,Nord-Ouest,2017,22877,25.2,74.3,61.2,20224,2144,166,8313,1,7
Kumbo-D3,Nord-Ouest,2018,21820,40.5,63.4,43.3,37668,4439,139,8510,1,7
Kumbo-D3,Nord-Ouest,2019,95490,42.4,79.0,50.6,60514,6356,296,19215,6,31
Kumbo-D3,Nord-Ouest,2020,37420,26.2,73.4,53.2,62036,5399,238,10204,2,12
Kumbo-D3,Nord-Ouest,2021,15130,41.0,74.8,34.6,18980,1416,94,6197,1,5
Kumbo-D3,Nord-Ouest,2022,78204,37.1,67.1,42.7,114239,12612,515,35316,5,26
Kumbo-D3,Nord-Ouest,2023,62875,22.8,80.9,54.9,111098,14615,175,30303,4,20
Bafoussam-D1,Ouest,2010,20054,35.1,69.9,51.3,18306,2279,85,7161,1,6
Bafoussam-D1,Ouest,2011,27755,46.3,62.4,36.9,46706,3944,134,13208,1,9
Bafoussam-D1,Ouest,2012,50254,49.2,64.3,32.5,58073,6510,302,14315,3,16
Bafoussam-D1,Ouest,2013,76078,20.6,76.8,70.0,99890,14197,235,19203,5,25
Bafoussam-D1,Ouest,2014,78824,36.8,75.7,51.4,123096,10656,492,30794,5,26
Bafoussam-D1,Ouest,2015,13616,43.4,54.7,45.6,20288,1355,37,6740,1,5
Bafoussam-D1,Ouest,2016,51526,42.6,67.2,40.0,101331,5335,284,23811,3,17
Bafoussam-D1,Ouest,2017,20771,34.2,68.5,45.1,12998,1277,46,6167,1,6
Bafoussam-D1,Ouest,2018,13808,25.8,81.9,51.0,7680,490,54,5212,1,5
Bafoussam-D1,Ouest,2019,44770,34.2,75.9,58.6,67281,9241,291,14225,2,14
Bafoussam-D1,Ouest,2020,44821,59.8,51.8,18.3,29133,2502,257,20740,2,14
Bafoussam-D1,Ouest,2021,24558,47.4,57.4,38.7,14007,2005,95,6997,1,8
Bafoussam-D1,Ouest,2022,95590,26.8,87.3,55.3,164888,9818,267,32794,6,31
Bafoussam-D1,Ouest,2023,13826,26.0,77.0,62.5,13696,1234,106,3823,1,5
Bafoussam-D2,Ouest,2010,10870,44.8,63.6,42.5,9470,790,38,3062,1,5
Bafoussam-D2,Ouest,2011,56864,57.5,53.6,21.4,97195,7496,136,23197,3,18
Bafoussam-D2,Ouest,2012,14439,25.8,87.7,61.1,17841,1937,58,3381,1,5
Bafoussam-D2,Ouest,2013,33089,44.2,69.9,38.8,57025,5280,210,11939,2,11
Bafoussam-D2,Ouest,2014,66484,44.9,65.7,39.0,127527,17369,176,22799,4,22
Bafoussam-D2,Ouest,2015,15497,29.1,82.2,49.2,9739,890,93,5116,1,5
Bafoussam-D2,Ouest,2016,22103,26.5,95.0,53.3,26556,1972,153,5100,1,7
Bafoussam-D2,Ouest,2017,95957,49.6,69.9,34.3,132714,19203,465,25530,6,31
Bafoussam-D2,Ouest,2018,49231,32.5,82.1,46.7,76617,6021,158,9995,3,16
Bafoussam-D2,Ouest,2019,60278,51.2,66.9,29.7,97000,9786,452,14575,4,20
Bafoussam-D2,Ouest,2020,29274,56.5,49.4,25.5,33037,2704,223,7453,1,9
Bafoussam-D2,Ouest,2021,30936,36.6,68.4,52.0,28164,2685,148,6444,2,10
Bafoussam-D2,Ouest,2022,14748,41.4,64.0,35.6,19263,2093,112,7144,1,5
Bafoussam-D2,Ouest,2023,29024,20.6,82.5,50.2,49006,5967,173,13358,1,9
Bafoussam-D3,Ouest,2010,84366,30.2,79.8,53.2,168130,11274,228,23588,5,28
Bafoussam-D3,Ouest,2011,65151,57.5,64.5,21.4,80480,6578,194,24914,4,21
Bafoussam-D3,Ouest,2012,99233,32.4,76.5,48.5,58406,5206,230,34467,6,33
Bafoussam-D3,Ouest,2013,37342,51.9,53.1,29.4,45115,3387,242,17744,2,12
Bafoussam-D3,Ouest,2014,80633,22.5,77.9,70.0,62881,7260,274,25352,5,26
Bafoussam-D3,Ouest,2015,77777,45.1,63.4,34.4,87022,6639,175,33462,5,25
Bafoussam-D3,Ouest,2016,74556,41.1,61.8,50.4,118377,8601,547,15095,4,24
Bafoussam-D3,Ouest,2017,57201,38.5,80.0,50.5,110633,16037,247,27409,3,19
Bafoussam-D3,Ouest,2018,73825,55.8,60.3,32.3,57089,5846,280,21782,4,24
Bafoussam-D3,Ouest,2019,54363,35.0,72.7,48.8,68160,5358,115,21156,3,18
Bafoussam-D3,Ouest,2020,89055,39.2,58.5,43.1,58963,3871,365,26139,5,29
Bafoussam-D3,Ouest,2021,40859,30.8,71.9,55.1,27954,3333,168,17442,2,13
Bafoussam-D3,Ouest,2022,33177,23.5,87.8,55.2,30690,2228,130,13881,2,11
Bafoussam-D3,Ouest,2023,38773,29.0,73.9,41.3,45256,6773,107,10396,2,12
Dschang-D1,Ouest,2010,30889,58.6,57.7,28.9,36917,4530,197,15189,2,10
Dschang-D1,Ouest,2011,43087,47.6,72.5,38.7,37119,3951,120,19874,2,14
Dschang-D1,Ouest,2012,65948,54.6,63.4,35.8,115972,9332,511,21968,4,21
Dschang-D1,Ouest,2013,47876,56.0,52.2,25.2,76649,4859,145,21898,3,15
Dschang-D1,Ouest,2014,89331,59.1,55.8,20.6,126384,18400,411,27407,5,29
Dschang-D1,Ouest,2015,45856,47.1,57.8,37.6,44959,4432,245,10912,3,15
Dschang-D1,Ouest,2016,29706,36.8,72.9,36.4,53133,7234,170,8052,1,9
Dschang-D1,Ouest,2017,63730,58.6,54.0,23.5,123950,18259,329,18140,4,21
Dschang-D1,Ouest,2018,24714,25.9,75.9,63.0,27268,3278,137,8972,1,8
Dschang-D1,Ouest,2019,53542,35.9,70.6,46.3,81196,10836,117,24256,3,17
Dschang-D1,Ouest,2020,50287,46.3,67.7,42.5,78110,10047,260,15162,3,16
Dschang-D1,Ouest,2021,93087,41.8,70.4,41.1,140902,19053,451,28912,6,31
Dschang-D1,Ouest,2022,23422,39.1,75.7,45.1,44618,2868,104,6943,1,7
Dschang-D1,Ouest,2023,55370,20.1,73.6,61.8,45935,5295,116,20588,3,18
Dschang-D2,Ouest,2010,18999,48.0,60.2,33.2,12946,1737,99,5858,1,6
Dschang-D2,Ouest,2011,73053,58.6,60.8,27.4,111082,15891,455,24373,4,24
Dschang-D2,Ouest,2012,47974,49.4,68.9,35.6,72666,4417,97,11866,3,15
Dschang-D2,Ouest,2013,52581,20.9,82.8,61.6,28219,1579,419,15241,3,17
Dschang-D2,Ouest,2014,18914,31.4,75.1,41.4,21531,2258,54,4573,1,6
Dschang-D2,Ouest,2015,73946,33.8,78.7,50.2,135635,8750,388,18594,4,24
Dschang-D2,Ouest,2016,22235,31.6,75.1,51.4,34174,2941,153,5353,1,7
Dschang-D2,Ouest,2017,29994,52.7,59.7,24.0,39921,3156,157,8526,1,9
Dschang-D2,Ouest,2018,96588,27.1,88.5,51.8,83163,8864,443,44742,6,32
Dschang-D2,Ouest,2019,19563,57.9,58.8,31.8,36808,4667,82,6589,1,6
Dschang-D2,Ouest,2020,25403,49.8,62.5,41.2,19449,2687,78,11415,1,8
Dschang-D2,Ouest,2021,27042,22.7,76.5,51.2,51186,5753,123,12572,1,9
Dschang-D2,Ouest,2022,41067,30.7,77.0,59.9,79581,10984,314,16215,2,13
Dschang-D2,Ouest,2023,11966,51.7,58.5,29.6,21228,1415,31,2993,1,5
Dschang-D3,Ouest,2010,46374,44.0,62.4,32.0,40858,3110,134,13618,3,15
Dschang-D3,Ouest,2011,62348,41.3,54.8,42.3,85745,12639,254,14083,4,20
Dschang-D3,Ouest,2012,10247,59.8,53.6,27.3,6997,601,64,4806,1,5
Dschang-D3,Ouest,2013,17105,33.9,71.4,49.8,29848,4257,81,6781,1,5
Dschang-D3,Ouest,2014,46863,20.3,86.4,61.2,57969,2987,311,19450,3,15
Dschang-D3,Ouest,2015,98721,41.4,63.7,50.7,110333,10624,558,45111,6,32
Dschang-D3,Ouest,2016,92851,52.5,56.0,31.4,100625,15059,470,33477,6,30
Dschang-D3,Ouest,2017,98195,39.9,65.4,49.3,84015,9944,469,47896,6,32
Dschang-D3,Ouest,2018,72849,30.8,79.2,56.1,88035,12950,379,26134,4,24
Dschang-D3,Ouest,2019,78269,33.8,81.6,51.5,42263,4338,462,37998,5,26
Dschang-D3,Ouest,2020,88115,25.7,81.6,57.6,57890,7787,176,42697,5,29
Dschang-D3,Ouest,2021,17867,20.1,85.6,50.3,21457,2226,70,5509,1,5
Dschang-D3,Ouest,2022,96448,20.2,92.1,68.2,163036,10502,696,27046,6,32
Dschang-D3,Ouest,2023,32135,51.1,55.8,39.6,46643,4275,87,12851,2,10
Foumban-D1,Ouest,2010,32471,28.1,78.3,53.3,18103,1879,175,7779,2,10
Foumban-D1,Ouest,2011,38694,51.3,57.4,30.0,49216,6110,83,18945,2,12
Foumban-D1,Ouest,2012,52166,20.3,88.5,55.5,93427,8133,332,16333,3,17
Foumban-D1,Ouest,2013,69996,24.5,79.4,55.9,118864,9559,440,31392,4,23
Foumban-D1,Ouest,2014,76562,50.9,53.4,38.5,98578,11002,594,26552,5,25
Foumban-D1,Ouest,2015,95846,32.1,73.5,55.2,70569,7932,377,44264,6,31
Foumban-D1,Ouest,2016,26148,55.8,49.8,30.1,50229,3669,67,12394,1,8
Foumban-D1,Ouest,2017,48725,24.3,86.0,66.6,42395,4001,251,14330,3,16
Foumban-D1,Ouest,2018,18941,33.6,80.8,49.6,27583,1891,53,6942,1,6
Foumban-D1,Ouest,2019,82637,52.9,58.4,25.5,72035,10228,646,37669,5,27
Foumban-D1,Ouest,2020,84550,43.9,72.0,42.6,147500,20271,337,24725,5,28
Foumban-D1,Ouest,2021,68527,40.6,66.4,44.7,42044,5664,474,22107,4,22
Foumban-D1,Ouest,2022,22401,30.0,72.8,49.5,33300,4206,136,8475,1,7
Foumban-D1,Ouest,2023,26009,23.3,87.8,56.3,43851,6218,131,5499,1,8
Foumban-D2,Ouest,2010,93091,47.8,59.2,38.2,89971,10284,525,18940,6,31
Foumban-D2,Ouest,2011,77832,45.1,60.9,38.0,57896,5581,290,37607,5,25
Foumban-D2,Ouest,2012,95156,45.5,62.3,36.0,144014,14966,650,29034,6,31
Foumban-D2,Ouest,2013,65999,36.9,67.2,46.7,50343,4566,248,17807,4,21
Foumban-D2,Ouest,2014,49591,47.2,62.2,39.5,50133,6757,312,10060,3,16
Foumban-D2,Ouest,2015,38152,24.3,80.7,57.5,55380,6536,86,17149,2,12
Foumban-D2,Ouest,2016,60151,50.9,61.2,33.6,118683,9596,359,26009,4,20
Foumban-D2,Ouest,2017,97949,26.7,72.4,59.8,120738,12234,557,33755,6,32
Foumban-D2,Ouest,2018,87231,47.0,65.4,39.4,140280,7069,457,40603,5,29
Foumban-D2,Ouest,2019,66347,23.4,80.6,61.0,115240,16834,463,13359,4,22
Foumban-D2,Ouest,2020,17976,57.0,54.5,30.5,14986,1172,85,4630,1,5
Foumban-D2,Ouest,2021,16488,41.0,73.7,38.1,16960,1122,111,4235,1,5
Foumban-D2,Ouest,2022,54962,49.6,55.1,30.4,27655,1783,341,14813,3,18
Foumban-D2,Ouest,2023,23919,43.0,64.7,43.9,33244,3065,114,6094,1,7
Foumban-D3,Ouest,2010,18995,24.5,71.1,53.9,12530,1481,124,6929,1,6
Foumban-D3,Ouest,2011,27974,35.6,73.3,50.7,26308,2074,210,12654,1,9
Foumban-D3,Ouest,2012,13673,47.4,63.3,28.6,8542,1270,43,6689,1,5
Foumban-D3,Ouest,2013,22869,45.7,62.1,38.1,27923,3660,97,8400,1,7
Foumban-D3,Ouest,2014,75114,47.2,59.2,43.3,146310,15196,316,19938,5,25
Foumban-D3,Ouest,2015,96315,37.5,68.4,54.9,62106,5254,633,43601,6,32
Foumban-D3,Ouest,2016,18657,54.2,52.3,26.4,21184,1088,45,7830,1,6
Foumban-D3,Ouest,2017,94558,29.6,73.8,57.3,82624,9701,707,23053,6,31
Foumban-D3,Ouest,2018,33139,42.8,65.4,45.7,51622,4552,140,12356,2,11
Foumban-D3,Ouest,2019,68339,49.7,57.2,37.9,64416,6583,227,18810,4,22
Foumban-D3,Ouest,2020,49998,43.5,68.5,41.9,36677,4525,397,16257,3,16
Foumban-D3,Ouest,2021,47069,39.3,66.4,39.3,82048,10702,262,13555,3,15
Foumban-D3,Ouest,2022,66086,35.5,64.7,58.8,37161,3118,362,25980,4,22
Foumban-D3,Ouest,2023,53338,29.7,77.2,56.4,43541,5442,329,24329,3,17
Ebolowa-D1,Sud,2010,55183,53.5,47.5,39.9,42153,5115,373,16146,3,18
Ebolowa-D1,Sud,2011,48935,39.2,67.6,41.7,49341,6609,308,19433,3,16
Ebolowa-D1,Sud,2012,36286,55.4,47.6,30.5,41662,5082,262,11043,2,12
Ebolowa-D1,Sud,2013,21563,20.6,81.6,70.0,32641,2381,60,7817,1,7
Ebolowa-D1,Sud,2014,14900,54.6,51.5,37.6,17061,1750,64,3146,1,5
Ebolowa-D1,Sud,2015,54687,37.1,73.5,54.1,68526,4479,413,25287,3,18
Ebolowa-D1,Sud,2016,89758,41.1,64.7,43.6,167715,14561,536,38135,5,29
Ebolowa-D1,Sud,2017,23894,34.1,79.1,55.0,14261,1070,176,4963,1,7
Ebolowa-D1,Sud,2018,82181,58.2,49.0,26.3,56565,2932,548,39142,5,27
Ebolowa-D1,Sud,2019,76259,29.3,84.1,47.1,145912,13907,542,36169,5,25
Ebolowa-D1,Sud,2020,61613,26.1,84.5,62.3,63083,6041,369,12946,4,20
Ebolowa-D1,Sud,2021,10947,36.2,74.0,36.0,19642,1688,46,3266,1,5
Ebolowa-D1,Sud,2022,16916,39.2,58.6,51.8,26502,3732,57,5846,1,5
Ebolowa-D1,Sud,2023,77100,23.3,84.2,53.9,85253,10243,340,34287,5,25
Ebolowa-D2,Sud,2010,17939,40.2,78.8,56.4,23316,1992,129,7192,1,5
Ebolowa-D2,Sud,2011,20280,37.1,71.8,48.2,13728,2050,116,7098,1,6
Ebolowa-D2,Sud,2012,48615,53.2,65.1,27.0,51803,7150,143,19465,3,16
Ebolowa-D2,Sud,2013,67255,44.7,62.2,42.8,96315,6515,240,13908,4,22
Ebolowa-D2,Sud,2014,25775,51.7,66.4,31.0,32875,3028,161,8997,1,8
Ebolowa-D2,Sud,2015,66816,25.1,89.5,55.7,123096,17826,278,28740,4,22
Ebolowa-D2,Sud,2016,26617,40.3,65.9,40.0,23243,2540,117,5452,1,8
Ebolowa-D2,Sud,2017,42525,42.9,69.4,42.8,71767,8167,138,10416,2,14
Ebolowa-D2,Sud,2018,95374,48.7,53.6,32.8,106134,9846,216,31651,6,31
Ebolowa-D2,Sud,2019,47427,46.5,58.4,24.4,48767,5114,238,13170,3,15
Ebolowa-D2,Sud,2020,10781,48.8,59.5,47.6,14813,2045,55,5380,1,5
Ebolowa-D2,Sud,2021,18590,41.5,70.0,40.0,15923,2187,62,8960,1,6
Ebolowa-D2,Sud,2022,72253,49.3,51.8,34.1,75988,3886,250,35708,4,24
Ebolowa-D2,Sud,2023,96932,21.2,76.7,65.0,138265,19401,313,37357,6,32
Ebolowa-D3,Sud,2010,96791,20.1,77.5,65.3,65477,3882,287,46530,6,32
Ebolowa-D3,Sud,2011,86466,50.7,55.0,41.6,113714,12307,562,41019,5,28
Ebolowa-D3,Sud,2012,28253,34.2,64.3,49.6,29597,3482,78,10290,1,9
Ebolowa-D3,Sud,2013,64101,21.3,88.4,61.6,48145,5997,180,19694,4,21
Ebolowa-D3,Sud,2014,86986,37.5,65.7,48.5,76988,10805,670,20911,5,28
Ebolowa-D3,Sud,2015,18287,43.5,62.7,38.4,13657,1219,59,8477,1,6
Ebolowa-D3,Sud,2016,53733,26.4,78.5,52.5,104148,5838,163,17991,3,17
Ebolowa-D3,Sud,2017,93516,31.8,77.2,58.5,59158,3073,256,33924,6,31
Ebolowa-D3,Sud,2018,92015,45.0,60.6,39.2,82702,11950,384,22160,6,30
Ebolowa-D3,Sud,2019,72975,52.6,48.7,25.4,139374,16870,302,29645,4,24
Ebolowa-D3,Sud,2020,42186,31.8,71.9,55.7,32312,4431,248,16277,2,14
Ebolowa-D3,Sud,2021,15028,21.8,78.3,59.6,13445,1342,98,6021,1,5
Ebolowa-D3,Sud,2022,75142,49.6,60.9,36.2,142423,9874,315,27403,5,25
Ebolowa-D3,Sud,2023,80425,48.9,64.9,37.7,159910,11759,343,32775,5,26
Kribi-D1,Sud,2010,13530,20.7,78.6,62.9,9159,692,39,5255,1,5
Kribi-D1,Sud,2011,32980,36.3,72.2,46.8,16847,1482,88,15243,2,10
Kribi-D1,Sud,2012,70106,29.0,78.0,56.6,77252,11342,480,31797,4,23
Kribi-D1,Sud,2013,22481,45.2,53.0,40.6,23598,1886,152,11041,1,7
Kribi-D1,Sud,2014,70891,35.2,77.1,48.0,105911,13836,402,25055,4,23
Kribi-D1,Sud,2015,66080,59.7,63.9,27.2,112535,13454,148,18033,4,22
Kribi-D1,Sud,2016,34398,22.3,84.4,55.5,38560,5256,210,17152,2,11
Kribi-D1,Sud,2017,66899,55.6,50.9,36.0,40907,5142,524,28228,4,22
Kribi-D1,Sud,2018,87600,30.5,78.6,54.7,101096,6443,232,42064,5,29
Kribi-D1,Sud,2019,33732,25.7,86.0,56.0,63431,8024,243,14751,2,11
Kribi-D1,Sud,2020,30682,28.1,81.5,58.8,36328,2676,96,14019,2,10
Kribi-D1,Sud,2021,14304,25.1,84.8,65.6,16125,2415,56,6712,1,5
Kribi-D1,Sud,2022,50821,49.1,56.4,36.4,52558,3123,177,21235,3,16
Kribi-D1,Sud,2023,17279,42.7,62.5,37.2,30726,2000,110,4117,1,5
Kribi-D2,Sud,2010,69816,58.6,57.4,26.1,75773,4277,245,19082,4,23
Kribi-D2,Sud,2011,44364,58.5,57.7,21.9,65748,9224,276,20596,2,14
Kribi-D2,Sud,2012,18252,24.1,80.9,60.1,14125,931,91,8588,1,6
Kribi-D2,Sud,2013,89047,47.6,68.9,35.6,89591,12510,389,44017,5,29
Kribi-D2,Sud,2014,32635,43.8,61.0,45.0,16534,2229,212,9462,2,10
Kribi-D2,Sud,2015,16606,53.5,50.3,26.3,25569,1745,110,7713,1,5
Kribi-D2,Sud,2016,27624,57.5,57.5,34.3,32970,3607,213,5922,1,9
Kribi-D2,Sud,2017,22262,43.6,60.5,37.2,25679,1844,45,7568,1,7
Kribi-D2,Sud,2018,17110,27.2,74.1,58.3,28351,3741,72,7848,1,5
Kribi-D2,Sud,2019,11795,27.2,81.4,61.1,21705,1335,72,3995,1,5
Kribi-D2,Sud,2020,80805,27.2,83.0,51.9,102121,10742,591,35888,5,26
Kribi-D2,Sud,2021,61407,47.6,54.7,37.0,106500,6825,463,13602,4,20
Kribi-D2,Sud,2022,48508,27.0,78.1,46.8,53865,2723,361,16416,3,16
Kribi-D2,Sud,2023,51600,25.6,93.2,45.5,28789,3765,262,21018,3,17
Kribi-D3,Sud,2010,20706,49.5,60.4,27.3,19422,2534,69,9366,1,6
Kribi-D3,Sud,2011,68772,21.4,86.2,55.2,101875,12330,487,17163,4,22
Kribi-D3,Sud,2012,43244,55.5,47.6,39.9,83447,5133,329,15760,2,14
Kribi-D3,Sud,2013,54881,55.6,54.4,34.7,60452,8774,161,17306,3,18
Kribi-D3,Sud,2014,45754,41.0,68.0,39.4,81877,9015,278,13721,3,15
Kribi-D3,Sud,2015,56817,51.7,67.3,27.1,106549,13153,402,21622,3,18
Kribi-D3,Sud,2016,75656,40.9,68.5,34.2,110070,15215,379,29373,5,25
Kribi-D3,Sud,2017,24166,24.8,82.9,51.6,43391,3989,76,9882,1,8
Kribi-D3,Sud,2018,98259,24.6,77.5,58.0,69415,5761,361,22783,6,32
Kribi-D3,Sud,2019,90559,37.6,63.5,45.5,103767,5464,681,30957,6,30
Kribi-D3,Sud,2020,77845,36.4,73.6,50.7,140260,12326,521,28834,5,25
Kribi-D3,Sud,2021,65527,44.5,70.1,48.4,67521,9816,389,26701,4,21
Kribi-D3,Sud,2022,95284,27.8,72.1,47.9,101229,8184,578,26400,6,31
Kribi-D3,Sud,2023,72875,56.0,44.5,33.1,95222,6237,214,21878,4,24
Buea-D1,Sud-Ouest,2010,27463,21.5,79.8,61.8,52442,4160,90,12968,1,9
Buea-D1,Sud-Ouest,2011,10265,31.6,67.2,51.7,19887,1758,32,5123,1,5
Buea-D1,Sud-Ouest,2012,55794,55.5,52.7,27.3,58871,5387,206,25240,3,18
Buea-D1,Sud-Ouest,2013,87681,39.2,65.0,54.4,163705,14008,519,37639,5,29
Buea-D1,Sud-Ouest,2014,73281,30.6,75.7,54.1,115875,7766,505,26072,4,24
Buea-D1,Sud-Ouest,2015,21986,54.3,50.9,25.1,32564,2273,124,4696,1,7
Buea-D1,Sud-Ouest,2016,49441,52.0,59.2,31.3,84277,5730,162,17762,3,16
Buea-D1,Sud-Ouest,2017,67010,37.3,69.5,40.2,125143,10077,256,17893,4,22
Buea-D1,Sud-Ouest,2018,38639,54.6,55.4,33.8,43355,4711,249,15433,2,12
Buea-D1,Sud-Ouest,2019,40805,58.7,52.9,29.0,21130,1584,220,8365,2,13
Buea-D1,Sud-Ouest,2020,47078,43.6,62.0,38.4,24633,1267,276,11590,3,15
Buea-D1,Sud-Ouest,2021,50445,40.8,69.3,45.6,58361,8358,364,14040,3,16
Buea-D1,Sud-Ouest,2022,23610,28.9,77.4,52.8,34574,2369,131,10639,1,7
Buea-D1,Sud-Ouest,2023,15907,54.4,58.4,36.1,11364,1030,83,5842,1,5
Buea-D2,Sud-Ouest,2010,94949,26.2,86.9,59.5,136319,13113,641,19437,6,31
Buea-D2,Sud-Ouest,2011,42005,44.4,66.3,45.4,39705,2536,209,16434,2,14
Buea-D2,Sud-Ouest,2012,59802,50.8,58.8,30.0,61961,3714,280,14818,3,19
Buea-D2,Sud-Ouest,2013,15568,34.9,72.0,48.5,20539,1240,106,7040,1,5
Buea-D2,Sud-Ouest,2014,32844,31.8,73.4,51.6,55870,8228,255,8536,2,10
Buea-D2,Sud-Ouest,2015,51031,36.0,73.2,40.1,94494,13002,405,24179,3,17
Buea-D2,Sud-Ouest,2016,78170,58.1,61.4,31.8,92932,9676,603,27679,5,26
Buea-D2,Sud-Ouest,2017,57823,58.9,58.3,30.6,36963,3431,201,25411,3,19
Buea-D2,Sud-Ouest,2018,46151,23.2,84.1,56.0,51959,7012,355,9685,3,15
Buea-D2,Sud-Ouest,2019,89490,21.1,84.6,66.0,99907,13922,516,39524,5,29
Buea-D2,Sud-Ouest,2020,36828,50.0,55.4,32.4,62746,6345,79,8972,2,12
Buea-D2,Sud-Ouest,2021,68245,55.1,61.1,38.9,92503,8055,333,31562,4,22
Buea-D2,Sud-Ouest,2022,67364,31.0,81.7,57.5,48262,5033,266,14212,4,22
Buea-D2,Sud-Ouest,2023,91237,42.0,65.3,46.7,112163,10656,345,20493,6,30
Buea-D3,Sud-Ouest,2010,52380,30.7,78.0,59.9,100325,6171,154,21719,3,17
Buea-D3,Sud-Ouest,2011,99366,32.0,75.3,62.1,149607,14022,590,28167,6,33
Buea-D3,Sud-Ouest,2012,38658,25.6,77.7,52.4,66306,9026,248,10301,2,12
Buea-D3,Sud-Ouest,2013,11986,35.0,70.6,47.8,14778,1367,54,3105,1,5
Buea-D3,Sud-Ouest,2014,88771,41.9,71.8,46.8,174195,20754,371,22025,5,29
Buea-D3,Sud-Ouest,2015,67773,59.8,42.7,24.7,73670,6774,482,18900,4,22
Buea-D3,Sud-Ouest,2016,91100,48.4,65.1,40.7,62528,6553,408,23849,6,30
Buea-D3,Sud-Ouest,2017,82897,52.1,54.6,42.4,50662,4736,623,38701,5,27
Buea-D3,Sud-Ouest,2018,95038,40.8,74.0,52.2,161941,18860,630,19038,6,31
Buea-D3,Sud-Ouest,2019,38567,31.8,80.9,48.1,75197,9361,103,14390,2,12
Buea-D3,Sud-Ouest,2020,15260,27.5,74.1,67.3,12139,888,70,4242,1,5
Buea-D3,Sud-Ouest,2021,78737,43.1,59.2,37.7,79576,10922,348,18778,5,26
Buea-D3,Sud-Ouest,2022,15989,34.0,71.9,50.8,15487,1211,105,6227,1,5
Buea-D3,Sud-Ouest,2023,99610,36.7,67.6,46.6,129191,6836,602,48609,6,33
Limbe-D1,Sud-Ouest,2010,33707,24.0,78.7,59.7,33320,4164,126,7928,2,11
Limbe-D1,Sud-Ouest,2011,81975,21.9,87.1,58.8,122641,6499,321,37978,5,27
Limbe-D1,Sud-Ouest,2012,39909,38.5,65.6,38.5,40448,4353,187,11585,2,13
Limbe-D1,Sud-Ouest,2013,32438,51.0,60.6,34.9,61980,5709,238,12881,2,10
Limbe-D1,Sud-Ouest,2014,48444,38.4,70.9,41.2,68011,7755,257,18958,3,16
Limbe-D1,Sud-Ouest,2015,87439,33.1,67.3,44.9,78083,4795,404,22619,5,29
Limbe-D1,Sud-Ouest,2016,11440,39.5,72.3,53.3,19064,1749,83,3419,1,5
Limbe-D1,Sud-Ouest,2017,29015,30.5,71.0,50.5,45623,2434,117,12930,1,9
Limbe-D1,Sud-Ouest,2018,75440,59.9,43.1,35.4,136447,17035,541,22687,5,25
Limbe-D1,Sud-Ouest,2019,18513,45.9,65.8,38.9,36201,1903,98,5895,1,6
Limbe-D1,Sud-Ouest,2020,99886,55.8,42.8,24.4,129323,10364,628,22681,6,33
Limbe-D1,Sud-Ouest,2021,36911,31.7,81.0,50.0,24742,2381,261,17895,2,12
Limbe-D1,Sud-Ouest,2022,30780,37.0,79.6,47.1,44603,6119,152,12040,2,10
Limbe-D1,Sud-Ouest,2023,97943,57.3,61.7,30.8,163554,22099,727,38256,6,32
Limbe-D2,Sud-Ouest,2010,63900,27.2,73.5,51.4,125127,7138,229,30658,4,21
Limbe-D2,Sud-Ouest,2011,97688,54.4,58.7,29.8,179674,22725,316,44411,6,32
Limbe-D2,Sud-Ouest,2012,93661,54.1,57.2,34.8,51242,7454,654,23282,6,31
Limbe-D2,Sud-Ouest,2013,60245,45.2,61.8,37.8,78786,10793,126,21101,4,20
Limbe-D2,Sud-Ouest,2014,97727,29.8,77.3,64.3,153180,16389,670,44046,6,32
Limbe-D2,Sud-Ouest,2015,36514,35.4,71.9,44.9,27818,1614,289,16846,2,12
Limbe-D2,Sud-Ouest,2016,16038,41.9,60.1,46.9,22900,2310,72,3939,1,5
Limbe-D2,Sud-Ouest,2017,12410,25.6,77.8,58.1,10495,1488,39,2776,1,5
Limbe-D2,Sud-Ouest,2018,32224,26.1,78.1,58.2,27978,3202,143,14674,2,10
Limbe-D2,Sud-Ouest,2019,89340,30.6,75.3,59.1,175090,22467,553,18733,5,29
Limbe-D2,Sud-Ouest,2020,86705,33.2,75.7,37.7,154040,12251,555,37606,5,28
Limbe-D2,Sud-Ouest,2021,44022,45.4,69.7,40.8,30583,1762,306,20148,2,14
Limbe-D2,Sud-Ouest,2022,99686,59.6,54.9,29.2,145395,14283,765,49120,6,33
Limbe-D2,Sud-Ouest,2023,80576,36.6,74.2,43.6,142131,10668,297,22939,5,26
Limbe-D3,Sud-Ouest,2010,69578,46.0,60.8,37.0,79204,10357,306,28200,4,23
Limbe-D3,Sud-Ouest,2011,26135,31.6,83.4,51.9,13726,1434,169,7608,1,8
Limbe-D3,Sud-Ouest,2012,62331,35.1,70.4,45.0,123621,11293,248,21464,4,20
Limbe-D3,Sud-Ouest,2013,78543,41.8,60.2,41.0,145766,13202,505,25829,5,26
Limbe-D3,Sud-Ouest,2014,32545,53.3,61.4,29.7,46155,2462,212,14233,2,10
Limbe-D3,Sud-Ouest,2015,75711,55.3,50.2,27.0,65759,9823,283,30645,5,25
Limbe-D3,Sud-Ouest,2016,25695,53.1,58.3,29.9,34816,2593,59,5793,1,8
Limbe-D3,Sud-Ouest,2017,90863,33.2,76.4,50.8,158364,18172,534,38983,6,30
Limbe-D3,Sud-Ouest,2018,11367,59.4,40.4,29.4,22325,2565,35,4481,1,5
Limbe-D3,Sud-Ouest,2019,76767,58.6,59.6,22.9,134337,8822,520,28791,5,25
Limbe-D3,Sud-Ouest,2020,57300,24.5,75.6,58.7,74566,9079,344,27483,3,19
Limbe-D3,Sud-Ouest,2021,28741,48.2,52.9,40.2,16187,915,197,12722,1,9
Limbe-D3,Sud-Ouest,2022,94062,28.8,83.6,55.1,145551,8092,723,18980,6,31
Limbe-D3,Sud-Ouest,2023,38915,29.2,76.0,59.7,51382,6443,183,8838,2,12
Kumba-D1,Sud-Ouest,2010,96472,44.5,68.6,36.5,68672,4090,703,24759,6,32
Kumba-D1,Sud-Ouest,2011,98571,33.2,71.1,48.9,119465,13547,447,45711,6,32
Kumba-D1,Sud-Ouest,2012,61551,28.3,78.4,62.0,32840,4411,357,16310,4,20
Kumba-D1,Sud-Ouest,2013,49445,24.2,71.3,65.4,26010,3411,358,12226,3,16
Kumba-D1,Sud-Ouest,2014,20665,54.8,66.6,32.0,26455,1341,63,8545,1,6
Kumba-D1,Sud-Ouest,2015,18247,21.3,79.4,52.1,21499,2367,103,7006,1,6
Kumba-D1,Sud-Ouest,2016,36109,48.7,57.8,39.4,23340,2053,132,14324,2,12
Kumba-D1,Sud-Ouest,2017,87754,46.9,60.5,41.0,102806,12903,478,29382,5,29
Kumba-D1,Sud-Ouest,2018,78774,36.2,75.1,44.5,112525,6681,541,25418,5,26
Kumba-D1,Sud-Ouest,2019,71227,36.7,72.0,45.2,124558,8314,421,25602,4,23
Kumba-D1,Sud-Ouest,2020,36849,37.5,68.5,45.8,19656,1485,247,11496,2,12
Kumba-D1,Sud-Ouest,2021,96938,49.5,52.6,31.4,143999,18101,243,19614,6,32
Kumba-D1,Sud-Ouest,2022,17216,36.7,73.6,44.5,23236,2922,119,7682,1,5
Kumba-D1,Sud-Ouest,2023,58925,24.7,75.0,53.8,84680,12576,223,19693,3,19
Kumba-D2,Sud-Ouest,2010,56214,50.9,59.2,35.1,96432,10577,237,25608,3,18
Kumba-D2,Sud-Ouest,2011,98395,28.8,74.4,53.6,55664,3968,538,47235,6,32
Kumba-D2,Sud-Ouest,2012,20947,21.5,76.7,63.7,12343,697,77,9515,1,6
Kumba-D2,Sud-Ouest,2013,46466,25.4,87.3,65.8,26310,3407,116,16164,3,15
Kumba-D2,Sud-Ouest,2014,21853,21.5,81.3,62.7,41581,4481,125,9203,1,7
Kumba-D2,Sud-Ouest,2015,51369,29.1,85.5,55.8,36517,1828,162,17834,3,17
Kumba-D2,Sud-Ouest,2016,90634,30.6,71.8,44.9,146973,16547,237,21818,6,30
Kumba-D2,Sud-Ouest,2017,17490,59.3,48.2,26.3,13856,782,112,5443,1,5
Kumba-D2,Sud-Ouest,2018,92529,38.4,75.9,36.0,176289,14447,340,23020,6,30
Kumba-D2,Sud-Ouest,2019,95953,27.3,78.3,50.4,83058,11756,715,32811,6,31
Kumba-D2,Sud-Ouest,2020,78587,37.5,71.3,48.0,79734,11149,504,25008,5,26
Kumba-D2,Sud-Ouest,2021,65902,42.6,63.7,31.7,56384,5874,421,27796,4,21
Kumba-D2,Sud-Ouest,2022,64457,51.6,62.0,37.4,106601,7991,227,26850,4,21
Kumba-D2,Sud-Ouest,2023,75121,55.6,60.7,30.3,140344,12042,396,22126,5,25
Kumba-D3,Sud-Ouest,2010,24997,21.7,79.9,63.6,27894,3760,71,11361,1,8
Kumba-D3,Sud-Ouest,2011,10326,53.5,48.1,30.1,7028,365,27,3279,1,5
Kumba-D3,Sud-Ouest,2012,68775,26.0,83.7,55.7,51486,5065,504,19283,4,22
Kumba-D3,Sud-Ouest,2013,37017,20.5,86.5,55.8,19463,1285,166,13323,2,12
Kumba-D3,Sud-Ouest,2014,48133,54.2,57.6,27.5,36057,4183,327,21162,3,16
Kumba-D3,Sud-Ouest,2015,20716,35.5,68.4,47.9,30249,2419,45,8255,1,6
Kumba-D3,Sud-Ouest,2016,56756,43.7,59.3,38.3,42576,4644,404,24878,3,18
Kumba-D3,Sud-Ouest,2017,96290,47.9,62.6,20.6,190355,19262,657,35974,6,32
Kumba-D3,Sud-Ouest,2018,63272,44.5,66.5,46.5,44733,4789,492,15376,4,21
Kumba-D3,Sud-Ouest,2019,70885,53.2,71.8,33.0,72728,9386,471,27216,4,23
Kumba-D3,Sud-Ouest,2020,51064,43.0,63.1,40.7,74779,8966,291,18437,3,17
Kumba-D3,Sud-Ouest,2021,96184,59.4,52.5,34.5,151108,11833,391,20253,6,32
Kumba-D3,Sud-Ouest,2022,44120,33.4,71.8,51.4,84695,6574,248,15771,2,14
Kumba-D3,Sud-Ouest,2023,69822,35.5,73.0,53.7,49501,5519,175,33767,4,23
